model_id	total_time	NLLH	AIC	AICc	BIC	n_converged	start_time_0	start_time_1	start_time_2	start_time_3	start_time_4	start_time_5	start_time_6	start_time_7	start_time_8	start_time_9
model_id	total_time	NLLH	AIC	AICc	BIC	n_converged	start_time_0	start_time_1	start_time_2	start_time_3	start_time_4	start_time_5	start_time_6	start_time_7	start_time_8	start_time_9
model_id	total_time	NLLH	AIC	AICc	BIC	n_converged	start_time_0	start_time_1	start_time_2	start_time_3	start_time_4	start_time_5	start_time_6	start_time_7	start_time_8	start_time_9
M_00000000000000000000000000000000	0.08365774154663086	229.6573345774201	461.3146691548402	461.3306691548402	464.8440982423516	5	0.013444185256958008	0.022667646408081055	0.017234325408935547	0.013248205184936523	0.017063379287719727
M_10000000000000000000000000000000	0.5905086994171143	219.85113358042196	443.7022671608439	443.7504599319283	450.7611253358668	4	0.05379772186279297	0.029353618621826172	0.06608748435974121	0.21638774871826172	0.2248821258544922
M_01000000000000000000000000000000	0.2600061893463135	191.02079945973813	386.04159891947626	386.0897916905606	393.1004570944991	5	0.06558871269226074	0.05890083312988281	0.05892586708068848	0.04731416702270508	0.029276609420776367
M_00000100000000000000000000000000	0.1895918846130371	166.740513011595	337.48102602319	337.52921879427436	344.53988419821286	5	0.05031895637512207	0.036008596420288086	0.03370022773742676	0.03123021125793457	0.038333892822265625
M_00001000000000000000000000000000	0.21956777572631836	215.3208805872926	434.6417611745852	434.6899539456696	441.7006193496081	5	0.07025647163391113	0.02825021743774414	0.04167008399963379	0.047820329666137695	0.0315706729888916
M_00100000000000000000000000000000	0.22078204154968262	227.87421703411843	459.74843406823686	459.7966268393212	466.8072922432597	5	0.03957653045654297	0.0354619026184082	0.02907586097717285	0.048423051834106445	0.06824469566345215
M_00010000000000000000000000000000	0.2008190155029297	197.518532301276	399.037064602552	399.08525737363635	406.09592277757486	5	0.05411100387573242	0.02826404571533203	0.0369420051574707	0.03916573524475098	0.042336225509643555
M_00000000000000000000000000000000	0.14612030982971191	229.6573345774171	461.3146691548342	461.3306691548342	464.8440982423456	10	0.01639556884765625	0.014539957046508789	0.010134220123291016	0.015908479690551758	0.016244173049926758	0.012573957443237305	0.014290571212768555	0.014898538589477539	0.01871943473815918	0.012415409088134766
M_10000000000000000000000000000000	0.5740008354187012	219.85113358042054	443.7022671608411	443.75045993192543	450.76112533586394	8	0.03283524513244629	0.042881011962890625	0.0259857177734375	0.050492048263549805	0.09557747840881348	0.038939476013183594	0.06380939483642578	0.03600788116455078	0.10392570495605469	0.08354687690734863
M_01000000000000000000000000000000	0.3956871032714844	191.02079945914903	386.04159891829806	386.0897916893824	393.1004570933209	10	0.04865312576293945	0.022550106048583984	0.02658557891845703	0.03554511070251465	0.026100873947143555	0.05364990234375	0.052525997161865234	0.04372262954711914	0.03990578651428223	0.0464479923248291
M_00000100000000000000000000000000	0.4293782711029053	166.7405130115757	337.4810260231514	337.52921879423576	344.53988419817426	10	0.03990006446838379	0.04410600662231445	0.028722286224365234	0.03229069709777832	0.0489194393157959	0.03702378273010254	0.07203340530395508	0.05599617958068848	0.02954411506652832	0.040842294692993164
M_00001000000000000000000000000000	0.4368290901184082	215.32088060225345	434.6417612045069	434.68995397559127	441.70061937952977	10	0.08774065971374512	0.04962277412414551	0.03764677047729492	0.03688693046569824	0.03720593452453613	0.03685188293457031	0.05099749565124512	0.029581069946289062	0.03490424156188965	0.03539133071899414
M_00100000000000000000000000000000	0.3321571350097656	227.87421703369677	459.74843406739353	459.7966268384779	466.8072922424164	10	0.04381155967712402	0.0432744026184082	0.03450655937194824	0.019988059997558594	0.0333559513092041	0.03088545799255371	0.020534753799438477	0.046762943267822266	0.02608656883239746	0.03295087814331055
M_00010000000000000000000000000000	0.5906288623809814	197.51853230126227	399.03706460252454	399.0852573736089	406.0959227775474	10	0.04464530944824219	0.029909610748291016	0.046689748764038086	0.03832101821899414	0.09916830062866211	0.051447391510009766	0.08561468124389648	0.0661628246307373	0.06020236015319824	0.06846761703491211
M_10000100000000000000000000000000	1.6267530918121338	165.82091129538122	337.64182259076244	337.73859678431086	348.2301098532967	8	0.16341137886047363	0.05826520919799805	0.0958552360534668	0.5657670497894287	0.21004605293273926	0.052458763122558594	0.1337754726409912	0.10640335083007812	0.13814258575439453	0.10262799263000488
M_01000100000000000000000000000000	0.6798455715179443	138.15669312824122	282.31338625648243	282.41016045003084	292.9016735190167	10	0.0709986686706543	0.0766456127166748	0.045091867446899414	0.0809011459350586	0.07049202919006348	0.05875134468078613	0.06041669845581055	0.10470080375671387	0.054476022720336914	0.05737137794494629
M_00001100000000000000000000000000	0.6635832786560059	162.44332631918147	330.88665263836293	330.98342683191134	341.4749399008972	10	0.07195162773132324	0.06156110763549805	0.05451488494873047	0.08169436454772949	0.07163476943969727	0.08037948608398438	0.0807046890258789	0.060010433197021484	0.04982137680053711	0.05131053924560547
M_00100100000000000000000000000000	1.1660058498382568	159.79412695332192	325.58825390664384	325.68502810019226	336.1765411691781	10	0.17268586158752441	0.09775233268737793	0.14054274559020996	0.03752923011779785	0.22250914573669434	0.08286190032958984	0.2629578113555908	0.04810738563537598	0.04968118667602539	0.05137825012207031
M_00010100000000000000000000000000	0.5126352310180664	143.41080069442268	292.82160138884535	292.91837558239376	303.4098886513796	10	0.03980541229248047	0.04541468620300293	0.06758451461791992	0.060533761978149414	0.05210733413696289	0.04535484313964844	0.061112165451049805	0.04321455955505371	0.040764808654785156	0.05674314498901367
M_11000100000000000000000000000000	2.7435712814331055	137.71433092994164	283.4286618598833	283.5906051797213	297.54637820992895	10	0.29341673851013184	0.2595038414001465	0.14720487594604492	0.13846778869628906	0.11739802360534668	0.176469087600708	0.7255322933197021	0.5962865352630615	0.11883401870727539	0.17045807838439941
M_01100100000000000000000000000000	2.9797720909118652	126.49009188647518	260.98018377295034	261.14212709278837	275.09790012299607	10	0.20508718490600586	0.274519681930542	0.6285805702209473	0.39069032669067383	0.10612010955810547	0.2691035270690918	0.15065240859985352	0.4436790943145752	0.18555665016174316	0.32578253746032715
M_01001100000000000000000000000000	2.237147092819214	137.54225052966228	283.08450105932457	283.2464443791626	297.20221740937023	10	0.15588021278381348	0.1310732364654541	0.12382245063781738	0.18690180778503418	0.35408759117126465	0.13266539573669434	0.3774716854095459	0.4212031364440918	0.2577028274536133	0.09633874893188477
M_01010100000000000000000000000000	1.642615556716919	107.20431755961621	222.40863511923243	222.5705784390705	236.52635146927813	10	0.21262335777282715	0.22415590286254883	0.2038412094116211	0.2115926742553711	0.08778238296508789	0.1054229736328125	0.24692988395690918	0.1549832820892334	0.10593819618225098	0.08934569358825684
M_11010100000000000000000000000000	12.70771336555481	95.26225588104437	200.52451176208874	200.76841420111313	218.17165719964586	5	0.3746335506439209	2.505014419555664	0.9954912662506104	3.0996499061584473	4.235440969467163	0.4448082447052002	0.3222999572753906	0.21496844291687012	0.19432806968688965	0.3210785388946533
M_01110100000000000000000000000000	2.207451820373535	88.84004491055941	187.68008982111883	187.92399226014322	205.32723525867596	10	0.19570493698120117	0.1837921142578125	0.31426215171813965	0.21600985527038574	0.22891783714294434	0.20619750022888184	0.18533015251159668	0.18361806869506836	0.24393033981323242	0.24968886375427246
M_01011100000000000000000000000000	2.221012830734253	105.24807877541916	220.49615755083832	220.74005998986271	238.14330298839545	10	0.2799081802368164	0.24611306190490723	0.18145990371704102	0.19953513145446777	0.16693472862243652	0.2660706043243408	0.2793285846710205	0.30230093002319336	0.19264459609985352	0.10671710968017578
M_11110100000000000000000000000000	12.58687448501587	72.41812588796519	156.83625177593038	157.17910891878753	178.0128263009989	5	1.2060513496398926	1.257772445678711	0.4907691478729248	0.9272325038909912	0.9653162956237793	0.2521021366119385	6.624549865722656	0.15077495574951172	0.22521233558654785	0.487093448638916
M_01111100000000000000000000000000	4.025162220001221	85.39839287255974	182.79678574511948	183.13964288797663	203.973360270188	10	0.171769380569458	0.23984122276306152	0.5641992092132568	0.22263050079345703	0.6230618953704834	0.40683531761169434	0.4937427043914795	0.4444906711578369	0.49688148498535156	0.3617098331451416
M_11111100000000000000000000000000	6.2640674114227295	68.67627227205155	151.3525445441031	151.81156093754572	176.05854815668306	6	0.8261175155639648	0.6126351356506348	0.9494292736053467	1.1379551887512207	1.1777944564819336	0.6966023445129395	0.19143319129943848	0.22966694831848145	0.29169535636901855	0.15073800086975098
M_00000000000000000000000000000000	0.14838314056396484	229.65733457742851	461.31466915485703	461.33066915485705	464.84409824236843	10	0.012316703796386719	0.01630425453186035	0.009328365325927734	0.018085956573486328	0.012794256210327148	0.019192934036254883	0.01748800277709961	0.0158383846282959	0.01398015022277832	0.013054132461547852
M_10000000000000000000000000000000	1.5071303844451904	219.8511335804123	443.7022671608246	443.75045993190895	450.76112533584745	8	0.032936811447143555	0.03643345832824707	0.03936123847961426	0.0352170467376709	0.04326629638671875	0.8442659378051758	0.0568087100982666	0.20090818405151367	0.08449029922485352	0.13344240188598633
M_01000000000000000000000000000000	0.4133117198944092	191.02079945913638	386.04159891827277	386.0897916893571	393.10045709329563	10	0.01862788200378418	0.04020047187805176	0.07615852355957031	0.04966878890991211	0.03856825828552246	0.029827594757080078	0.054456233978271484	0.03752756118774414	0.03597140312194824	0.032305002212524414
M_00000100000000000000000000000000	0.33556294441223145	166.74051301158286	337.4810260231657	337.5292187942501	344.5398841981886	10	0.023196935653686523	0.029603004455566406	0.02741384506225586	0.036145925521850586	0.049762725830078125	0.03299450874328613	0.03804779052734375	0.026622772216796875	0.035561323165893555	0.03621411323547363
M_00001000000000000000000000000000	0.45398473739624023	215.32088059546126	434.6417611909225	434.6899539620069	441.7006193659454	10	0.061017751693725586	0.029268980026245117	0.07303643226623535	0.03704237937927246	0.022357463836669922	0.05577731132507324	0.060365915298461914	0.042530059814453125	0.028885602951049805	0.04370284080505371
M_00100000000000000000000000000000	0.3951833248138428	227.87421703368824	459.7484340673765	459.79662683846084	466.80729224239934	10	0.03972768783569336	0.03269624710083008	0.0290069580078125	0.031371116638183594	0.043596744537353516	0.03980565071105957	0.024660110473632812	0.02602243423461914	0.05585837364196777	0.07243800163269043
M_00010000000000000000000000000000	0.36887621879577637	197.51853230128685	399.0370646025737	399.08525737365807	406.09592277759657	10	0.0357823371887207	0.03867936134338379	0.04382801055908203	0.03329658508300781	0.032047271728515625	0.04211258888244629	0.03777813911437988	0.03324484825134277	0.029168128967285156	0.042938947677612305
M_10000100000000000000000000000000	3.964127540588379	165.82091129534405	337.6418225906881	337.7385967842365	348.23010985322236	8	0.2678964138031006	0.17212963104248047	1.9721336364746094	0.2271881103515625	0.17451930046081543	0.10565447807312012	0.47900867462158203	0.21160006523132324	0.19759345054626465	0.1564037799835205
M_01000100000000000000000000000000	1.1441199779510498	138.15669312820725	282.3133862564145	282.4101604499629	292.90167351894877	10	0.09284186363220215	0.10372710227966309	0.156721830368042	0.08329033851623535	0.09774208068847656	0.10009217262268066	0.17255043983459473	0.12383151054382324	0.12602472305297852	0.08729791641235352
M_00001100000000000000000000000000	1.1761853694915771	162.44332632045095	330.8866526409019	330.9834268344503	341.47493990343617	10	0.10364389419555664	0.16074466705322266	0.10433554649353027	0.11560702323913574	0.15334868431091309	0.10980343818664551	0.10160326957702637	0.08394455909729004	0.132080078125	0.11107420921325684
M_00100100000000000000000000000000	1.136674165725708	159.79412695330808	325.58825390661616	325.6850281001646	336.1765411691504	10	0.10720658302307129	0.11085224151611328	0.14082932472229004	0.17867684364318848	0.07902216911315918	0.0846095085144043	0.13953113555908203	0.08469748497009277	0.08237218856811523	0.1288766860961914
M_00010100000000000000000000000000	0.7584414482116699	143.41080069440468	292.82160138880937	292.9183755823578	303.40988865134364	10	0.15139031410217285	0.08555173873901367	0.07283258438110352	0.05320549011230469	0.08130073547363281	0.06606268882751465	0.05106854438781738	0.0404355525970459	0.048267364501953125	0.10832643508911133
M_11000100000000000000000000000000	2.2616281509399414	137.71433093015108	283.42866186030216	283.5906051801402	297.5463782103478	7	0.15947866439819336	0.1740415096282959	0.17794251441955566	0.40084147453308105	0.1629648208618164	0.3548758029937744	0.18042993545532227	0.27817368507385254	0.1728360652923584	0.2000436782836914
M_01100100000000000000000000000000	1.7451646327972412	126.49009188656302	260.98018377312604	261.1421270929641	275.0979001231717	10	0.1581413745880127	0.20983171463012695	0.15814948081970215	0.1362295150756836	0.16228222846984863	0.2249007225036621	0.1528151035308838	0.20796942710876465	0.16797995567321777	0.16686511039733887
M_01001100000000000000000000000000	1.527639627456665	137.54225052972848	283.08450105945695	283.246444379295	297.2022174095026	10	0.13193058967590332	0.19188642501831055	0.20717310905456543	0.16638636589050293	0.16010642051696777	0.14318394660949707	0.14152169227600098	0.07665395736694336	0.12225031852722168	0.18654680252075195
M_01010100000000000000000000000000	1.329125165939331	107.20431755969912	222.40863511939824	222.5705784392363	236.52635146944394	10	0.12546491622924805	0.09070062637329102	0.11427855491638184	0.1314866542816162	0.08351898193359375	0.22581863403320312	0.14515352249145508	0.13503766059875488	0.12968921661376953	0.14797639846801758
M_11010100000000000000000000000000	9.944623947143555	95.26225587702018	200.52451175404036	200.76841419306476	218.1716571915975	8	0.19477367401123047	0.8342366218566895	0.26471376419067383	0.4217243194580078	1.817537784576416	0.7198433876037598	2.1928718090057373	3.2237658500671387	0.1454458236694336	0.12971091270446777
M_01110100000000000000000000000000	2.422645330429077	88.84004489955598	187.68008979911195	187.92399223813635	205.32723523666908	10	0.40785813331604004	0.34067559242248535	0.14806699752807617	0.2167360782623291	0.20792388916015625	0.2559521198272705	0.1681356430053711	0.20561528205871582	0.14662599563598633	0.3250555992126465
M_01011100000000000000000000000000	1.8163175582885742	105.24807877556749	220.49615755113498	220.74005999015938	238.1433029886921	10	0.19574618339538574	0.19505643844604492	0.1288607120513916	0.1586151123046875	0.15765666961669922	0.21521854400634766	0.16600298881530762	0.23128890991210938	0.17745327949523926	0.19041872024536133
M_11110100000000000000000000000000	10.204528331756592	72.4181258856824	156.8362517713648	157.17910891422196	178.01282629643333	9	0.6975834369659424	0.7359282970428467	0.8122022151947021	0.6339259147644043	0.5609619617462158	2.833700180053711	0.579566478729248	0.850902795791626	2.2727138996124268	0.22704315185546875
M_01111100000000000000000000000000	2.776597261428833	85.39839286484757	182.79678572969513	183.1396428725523	203.97336025476366	10	0.36136960983276367	0.5849080085754395	0.14218950271606445	0.24997854232788086	0.2480919361114502	0.204970121383667	0.26085853576660156	0.19991850852966309	0.19952821731567383	0.3247842788696289
M_11111100000000000000000000000000	7.131215333938599	68.6762722728019	151.3525445456038	151.81156093904642	176.05854815818375	5	0.5518934726715088	0.5376887321472168	1.035330057144165	1.0639872550964355	2.916551351547241	0.27216482162475586	0.29685139656066895	0.13293027877807617	0.1536881923675537	0.17012977600097656
M_00000000000000000000000000000000	0.1436305046081543	229.6573345774229	461.3146691548458	461.3306691548458	464.8440982423572	10	0.014039278030395508	0.00924992561340332	0.012463569641113281	0.010953426361083984	0.017580747604370117	0.009263277053833008	0.012327909469604492	0.017746686935424805	0.026790857315063477	0.013214826583862305
M_10000000000000000000000000000000	0.5776314735412598	219.85113358040542	443.70226716081083	443.7504599318952	450.7611253358337	9	0.05704355239868164	0.04522705078125	0.06841492652893066	0.03392505645751953	0.04090452194213867	0.033330678939819336	0.12304806709289551	0.06422185897827148	0.0429987907409668	0.06851696968078613
M_00000000000000000000000100000000	0.4448239803314209	224.34163561322714	452.6832712264543	452.73146399753864	459.74212940147714	10	0.03446006774902344	0.040357351303100586	0.06229734420776367	0.05029869079589844	0.04813838005065918	0.04153180122375488	0.058713436126708984	0.023875713348388672	0.03124547004699707	0.05390572547912598
M_00000000100000000000000000000000	0.4934971332550049	210.8342831912062	425.6685663824124	425.71675915349675	432.72742455743526	10	0.02651500701904297	0.06956005096435547	0.0398707389831543	0.0420384407043457	0.06228804588317871	0.045464515686035156	0.05248117446899414	0.0661935806274414	0.03170657157897949	0.05737900733947754
M_00000000000000000010000000000000	0.4474313259124756	213.78637051172558	431.57274102345116	431.6209337945355	438.631599198474	10	0.04537177085876465	0.046312570571899414	0.05634784698486328	0.031287193298339844	0.04853940010070801	0.0550229549407959	0.04203057289123535	0.026639461517333984	0.057518959045410156	0.038360595703125
M_00000000000000000000100000000000	0.5936439037322998	223.2084087578491	450.4168175156982	450.46501028678256	457.47567569072106	10	0.09831380844116211	0.0781400203704834	0.08783483505249023	0.038871049880981445	0.0308840274810791	0.055124759674072266	0.03599190711975098	0.07323431968688965	0.052069902420043945	0.04317927360534668
M_00000010000000000000000000000000	0.4937131404876709	227.85549753959043	459.71099507918086	459.7591878502652	466.7698532542037	10	0.056093692779541016	0.07300519943237305	0.06842207908630371	0.05636715888977051	0.033936262130737305	0.04230833053588867	0.051849365234375	0.03993082046508789	0.03593015670776367	0.03587007522583008
M_00000000000000000000010000000000	0.4462435245513916	223.41916170597455	450.8383234119491	450.88651618303345	457.89718158697195	10	0.048391103744506836	0.07041478157043457	0.04849815368652344	0.05262947082519531	0.03180241584777832	0.052881479263305664	0.044541358947753906	0.025423049926757812	0.03625679016113281	0.03540492057800293
M_00000000000000000000000000001000	0.34532952308654785	195.48094484569017	394.96188969138035	395.0100824624647	402.0207478664032	10	0.03666400909423828	0.02699899673461914	0.02270960807800293	0.03469681739807129	0.022356748580932617	0.043305397033691406	0.03228044509887695	0.05392646789550781	0.03031325340270996	0.04207777976989746
M_00000000000000000000000000000010	0.3311798572540283	175.9158966845124	355.8317933690248	355.87998614010917	362.89065154404767	10	0.04857492446899414	0.02814626693725586	0.032591819763183594	0.029561758041381836	0.029122591018676758	0.024479389190673828	0.03013777732849121	0.022230148315429688	0.052675485610961914	0.03365969657897949
M_00010000000000000000000000000000	0.48264145851135254	197.51853230127603	399.03706460255205	399.0852573736364	406.0959227775749	10	0.051621198654174805	0.03915715217590332	0.02617645263671875	0.12604928016662598	0.02151656150817871	0.04871010780334473	0.039821624755859375	0.03607892990112305	0.05840253829956055	0.03510761260986328
M_01000000000000000000000000000000	0.6919143199920654	191.02079945914755	386.0415989182951	386.08979168937947	393.10045709331797	10	0.06824851036071777	0.06949973106384277	0.08621692657470703	0.03428506851196289	0.047818660736083984	0.07196354866027832	0.181074857711792	0.051299095153808594	0.0540616512298584	0.027446269989013672
M_00000000000000010000000000000000	0.42853879928588867	228.3673335860352	460.7346671720704	460.78285994315473	467.79352534709324	10	0.03929924964904785	0.04780912399291992	0.0301516056060791	0.04090142250061035	0.030374526977539062	0.04989123344421387	0.052205801010131836	0.044820547103881836	0.03547382354736328	0.05761146545410156
M_00001000000000000000000000000000	0.5409259796142578	215.32088061435684	434.6417612287137	434.68995399979804	441.70061940373654	10	0.06451988220214844	0.03913164138793945	0.09837031364440918	0.05097818374633789	0.037279367446899414	0.05894613265991211	0.029485464096069336	0.06515812873840332	0.044937849044799805	0.05211901664733887
M_00000000000000100000000000000000	0.3950815200805664	213.79201862108243	431.58403724216487	431.6322300132492	438.64289541718773	10	0.05321383476257324	0.03514575958251953	0.041152000427246094	0.06490302085876465	0.04620838165283203	0.03089594841003418	0.022724390029907227	0.04120635986328125	0.02875971794128418	0.030872106552124023
M_00000000000000000000001000000000	0.37070488929748535	186.58417591128267	377.16835182256534	377.2165445936497	384.2272099975882	10	0.03330111503601074	0.03438162803649902	0.03642153739929199	0.03502035140991211	0.03309464454650879	0.02942824363708496	0.04270482063293457	0.04818296432495117	0.026807308197021484	0.05136227607727051
M_00000000000000000000000010000000	0.41528964042663574	226.3946756759255	456.789351351851	456.83754412293536	463.84820952687386	10	0.025634050369262695	0.04277801513671875	0.04804182052612305	0.031812429428100586	0.048897743225097656	0.03762030601501465	0.042650699615478516	0.04728126525878906	0.04687213897705078	0.043701171875
M_00000000000000000000000001000000	0.38213181495666504	199.74457766765306	403.4891553353061	403.5373481063905	410.548013510329	10	0.04560518264770508	0.028301477432250977	0.03604245185852051	0.02066969871520996	0.04063272476196289	0.041120052337646484	0.05347442626953125	0.03568291664123535	0.03213000297546387	0.04847288131713867
M_00000000000100000000000000000000	0.40738987922668457	227.740755428471	459.481510856942	459.52970362802637	466.5403690319649	10	0.03728508949279785	0.08005738258361816	0.06133127212524414	0.0296933650970459	0.03219962120056152	0.023886442184448242	0.05152010917663574	0.03454113006591797	0.02475905418395996	0.03211641311645508
M_00000000000000000000000000000001	0.4927177429199219	180.9267190690798	365.8534381381596	365.901630909244	372.9122963131825	10	0.03909921646118164	0.04214286804199219	0.05237889289855957	0.043968915939331055	0.07241058349609375	0.05893135070800781	0.03266024589538574	0.040065765380859375	0.03430056571960449	0.07675933837890625
M_00000000000000000000000000010000	0.43264055252075195	219.49226688215617	442.98453376431235	443.0327265353967	450.0433919393352	10	0.05135059356689453	0.04457879066467285	0.028896331787109375	0.06585001945495605	0.04149270057678223	0.04930710792541504	0.032575130462646484	0.04441022872924805	0.03365349769592285	0.04052615165710449
M_00000000000010000000000000000000	0.47108030319213867	220.11858640121523	444.23717280243045	444.2853655735148	451.2960309774533	10	0.0625452995300293	0.061650753021240234	0.04335832595825195	0.056321144104003906	0.02423095703125	0.04089522361755371	0.052075862884521484	0.04457259178161621	0.04204916954040527	0.0433809757232666
M_00000001000000000000000000000000	0.4727053642272949	220.5196293526439	445.0392587052878	445.08745147637217	452.09811688031067	10	0.03435039520263672	0.04506039619445801	0.05846595764160156	0.03429913520812988	0.05762743949890137	0.04942631721496582	0.039339542388916016	0.0646524429321289	0.038497209548950195	0.050986528396606445
M_00000000000000000000000000000100	0.37914538383483887	149.59018234463892	303.18036468927784	303.2285574603622	310.2392228643007	10	0.04210352897644043	0.04252266883850098	0.030129194259643555	0.0249631404876709	0.06474471092224121	0.03345322608947754	0.04807114601135254	0.027994155883789062	0.02647876739501953	0.038684844970703125
M_00000100000000000000000000000000	0.502039909362793	166.74051301156737	337.48102602313475	337.5292187942191	344.5398841981576	10	0.053826332092285156	0.03471851348876953	0.04531574249267578	0.07068490982055664	0.05526375770568848	0.04676032066345215	0.051801443099975586	0.0553736686706543	0.04134416580200195	0.0469510555267334
M_00000000000000000001000000000000	0.42295193672180176	229.60524687726826	463.2104937545365	463.2586865256209	470.2693519295594	10	0.037954092025756836	0.049530744552612305	0.04249286651611328	0.047681331634521484	0.06779003143310547	0.027255773544311523	0.04509568214416504	0.03739666938781738	0.031740427017211914	0.03601431846618652
M_00000000000000001000000000000000	0.49406957626342773	159.95272551287684	323.9054510257537	323.95364379683804	330.96430920077654	10	0.04506659507751465	0.043767452239990234	0.04784893989562988	0.05851864814758301	0.040634870529174805	0.04806780815124512	0.04870724678039551	0.08517074584960938	0.029913902282714844	0.04637336730957031
M_00000000000000000100000000000000	0.6295197010040283	225.69958207225835	455.3991641445167	455.44735691560106	462.45802231953957	10	0.04287457466125488	0.07538866996765137	0.06402325630187988	0.09267306327819824	0.035866737365722656	0.0883026123046875	0.07553339004516602	0.05630898475646973	0.057915449142456055	0.04063296318054199
M_00000000000000000000000000100000	0.4949951171875	221.78597300483796	447.5719460096759	447.62013878076027	454.6308041846988	10	0.05127286911010742	0.09834671020507812	0.02565908432006836	0.037535667419433594	0.046730995178222656	0.04782843589782715	0.05469107627868652	0.03482317924499512	0.058556318283081055	0.03955078125
M_00000000010000000000000000000000	0.5242297649383545	214.75789727372612	433.51579454745223	433.5639873185366	440.5746527224751	10	0.0953207015991211	0.05170583724975586	0.046076297760009766	0.05381035804748535	0.03786921501159668	0.05004596710205078	0.04018354415893555	0.03769040107727051	0.06046462059020996	0.051062822341918945
M_00100000000000000000000000000000	0.3841733932495117	227.87421703369813	459.74843406739626	459.7966268384806	466.8072922424191	10	0.028954744338989258	0.02516627311706543	0.0459599494934082	0.028591394424438477	0.032646894454956055	0.04100918769836426	0.06101179122924805	0.04031801223754883	0.03713059425354004	0.043384552001953125
M_00000000000001000000000000000000	0.46275830268859863	226.09053215711182	456.18106431422365	456.229257085308	463.2399224892465	10	0.04488992691040039	0.04924345016479492	0.036324262619018555	0.05673480033874512	0.07111692428588867	0.06646347045898438	0.03464221954345703	0.022875308990478516	0.050890207290649414	0.02957773208618164
M_00000000001000000000000000000000	0.431304931640625	201.8088930010385	407.617786002077	407.6659787731614	414.6766441770999	10	0.021770715713500977	0.05784869194030762	0.026929616928100586	0.030648469924926758	0.054779767990112305	0.05735373497009277	0.04567265510559082	0.04484438896179199	0.031850337982177734	0.05960655212402344
M_10000000000000000000000000000100	1.3490328788757324	146.07783831759457	298.15567663518914	298.25245082873755	308.7439638977234	9	0.10335445404052734	0.09956598281860352	0.0754861831665039	0.07913684844970703	0.20432114601135254	0.11582422256469727	0.10808777809143066	0.09692645072937012	0.19948482513427734	0.2668449878692627
M_00000000000000000000000100000100	1.0203015804290771	148.99603856868143	303.99207713736286	304.08885133091127	314.5803643998971	10	0.09455323219299316	0.07115006446838379	0.08034014701843262	0.19074225425720215	0.07505512237548828	0.08029556274414062	0.08493566513061523	0.1513667106628418	0.11706852912902832	0.07479429244995117
M_00000000100000000000000000000100	0.9246575832366943	149.05588016411787	304.11176032823573	304.20853452178414	314.70004759077	10	0.14744305610656738	0.1326432228088379	0.12737083435058594	0.0894479751586914	0.04930448532104492	0.14281296730041504	0.07288908958435059	0.06444144248962402	0.05584716796875	0.04245734214782715
M_00000000000000000010000000000100	0.6537086963653564	143.26933087556097	292.53866175112194	292.63543594467035	303.1269490136562	10	0.07497286796569824	0.04923868179321289	0.10326981544494629	0.041315317153930664	0.07381868362426758	0.06651735305786133	0.04902505874633789	0.05048656463623047	0.09204387664794922	0.053020477294921875
M_00000000000000000000100000000100	1.742781400680542	106.27807723411176	218.55615446822353	218.6529286617719	229.1444417307578	10	0.21770715713500977	0.15477228164672852	0.18733930587768555	0.10957074165344238	0.1900484561920166	0.1291186809539795	0.22831988334655762	0.13796567916870117	0.15462493896484375	0.23331427574157715
M_00000010000000000000000000000100	0.9149107933044434	140.0775906567494	286.1551813134988	286.2519555070472	296.7434685760331	10	0.16636991500854492	0.07096648216247559	0.06333398818969727	0.08713412284851074	0.12673377990722656	0.08466315269470215	0.07500195503234863	0.07590126991271973	0.06140923500061035	0.10339689254760742
M_00000000000000000000010000000100	1.2856769561767578	149.3779915423824	304.7559830847648	304.8527572783132	315.3442703472991	10	0.11467909812927246	0.10151386260986328	0.2420499324798584	0.08206748962402344	0.19856548309326172	0.12554097175598145	0.11552643775939941	0.10075139999389648	0.08969354629516602	0.11528873443603516
M_00000000000000000000000000001100	0.9693913459777832	149.1410452377441	304.2820904754882	304.3788646690366	314.87037773802246	10	0.11581134796142578	0.0833137035369873	0.06334161758422852	0.1351940631866455	0.12720155715942383	0.07668447494506836	0.07721090316772461	0.07253503799438477	0.06366634368896484	0.1544322967529297
M_00000000000000000000000000000110	1.0858502388000488	139.9208058808876	285.8416117617752	285.9383859553236	296.42989902430946	10	0.11386466026306152	0.08943986892700195	0.08794021606445312	0.11280131340026855	0.12198519706726074	0.08960866928100586	0.11353588104248047	0.12352490425109863	0.09704756736755371	0.13610196113586426
M_00010000000000000000000000000100	1.084136962890625	127.6552668026892	261.3105336053784	261.4073077989268	271.89882086791266	10	0.08294010162353516	0.08061504364013672	0.07654857635498047	0.09257721900939941	0.07622814178466797	0.08141398429870605	0.12635397911071777	0.20799684524536133	0.12175989151000977	0.13770318031311035
M_01000000000000000000000000000100	1.0292963981628418	122.03886449534419	250.07772899068837	250.17450318423676	260.66601625322267	10	0.07610750198364258	0.09996771812438965	0.10132002830505371	0.11240482330322266	0.096221923828125	0.15970110893249512	0.12819814682006836	0.0669255256652832	0.0684959888458252	0.11995363235473633
M_00000000000000010000000000000100	0.8411943912506104	146.367708854199	298.735417708398	298.83219190194643	309.3237049709323	10	0.08149123191833496	0.06661367416381836	0.08439135551452637	0.09595513343811035	0.07312607765197754	0.051165103912353516	0.09051251411437988	0.14690375328063965	0.05461573600769043	0.0964198112487793
M_00001000000000000000000000000100	1.0261273384094238	145.1250966113264	296.2501932226528	296.3469674162012	306.83848048518706	10	0.1123502254486084	0.12349152565002441	0.11567974090576172	0.09756851196289062	0.11127686500549316	0.05602097511291504	0.11307144165039062	0.05767703056335449	0.14525198936462402	0.09373903274536133
M_00000000000000100000000000000100	1.4475657939910889	142.5192536962357	291.0385073924714	291.1352815860198	301.62679465500565	10	0.14036846160888672	0.23001766204833984	0.12883901596069336	0.22319316864013672	0.07682180404663086	0.09363818168640137	0.10352468490600586	0.147629976272583	0.16240286827087402	0.1411299705505371
M_00000000000000000000001000000100	1.0628633499145508	127.41115710181937	260.8223142036387	260.9190883971871	271.41060146617303	10	0.08929657936096191	0.1274735927581787	0.11180663108825684	0.08258199691772461	0.07261300086975098	0.09174990653991699	0.09487581253051758	0.15531086921691895	0.11536884307861328	0.12178611755371094
M_00000000000000000000000010000100	1.050184965133667	103.02938649477959	212.05877298955917	212.15554718310756	222.64706025209344	10	0.07503437995910645	0.12491869926452637	0.13858437538146973	0.08488059043884277	0.10521650314331055	0.09259819984436035	0.15048909187316895	0.07922697067260742	0.10342931747436523	0.09580683708190918
M_00000000000000000000000001000100	0.9867892265319824	147.3529591638062	300.7059183276124	300.8026925211608	311.29420559014665	10	0.07371854782104492	0.08267617225646973	0.1215815544128418	0.09522438049316406	0.06063508987426758	0.10413336753845215	0.09353208541870117	0.1409919261932373	0.12889385223388672	0.08540225028991699
M_00000000000100000000000000000100	1.0002155303955078	146.78268336008392	299.56536672016784	299.66214091371626	310.1536539827021	10	0.1378645896911621	0.09369397163391113	0.11209297180175781	0.09349846839904785	0.0831761360168457	0.13052916526794434	0.08892941474914551	0.03963637351989746	0.04235053062438965	0.17844390869140625
M_00000000000000000000000000000101	0.9827306270599365	142.71970264334806	291.4394052866961	291.5361794802445	302.0276925492304	10	0.13769793510437012	0.07590365409851074	0.08150935173034668	0.13370275497436523	0.04225301742553711	0.08339595794677734	0.066009521484375	0.14523959159851074	0.12330865859985352	0.09371018409729004
M_00000000000000000000000000010100	1.2990844249725342	147.8412358038295	301.682471607659	301.7792458012074	312.2707588701933	10	0.12717509269714355	0.2875642776489258	0.13067340850830078	0.07156705856323242	0.13495135307312012	0.06633687019348145	0.15013432502746582	0.11390137672424316	0.12150144577026367	0.09527921676635742
M_00000000000010000000000000000100	0.9797577857971191	140.8133521554186	287.6267043108372	287.72347850438564	298.2149915733715	10	0.042999982833862305	0.13422155380249023	0.07851076126098633	0.12820696830749512	0.07339811325073242	0.10088014602661133	0.06970643997192383	0.18494415283203125	0.11723566055297852	0.04965400695800781
M_00000001000000000000000000000100	1.022329330444336	148.83570203532446	303.6714040706489	303.76817826419733	314.2596913331832	10	0.10593199729919434	0.08671808242797852	0.09984588623046875	0.14388728141784668	0.09270763397216797	0.15619754791259766	0.044043540954589844	0.09667158126831055	0.12286138534545898	0.07346439361572266
M_00000100000000000000000000000100	1.2178466320037842	113.46852236640731	232.93704473281463	233.033818926363	243.5253319953489	10	0.1176750659942627	0.06921720504760742	0.18688249588012695	0.08025789260864258	0.1569986343383789	0.15646600723266602	0.15234589576721191	0.09079647064208984	0.09805989265441895	0.1091470718383789
M_00000000000000000001000000000100	1.2739894390106201	147.84796126143283	301.69592252286566	301.79269671641407	312.2842097853999	10	0.20709872245788574	0.10338211059570312	0.15703129768371582	0.18234920501708984	0.12904119491577148	0.11429595947265625	0.16034221649169922	0.09374737739562988	0.06632375717163086	0.06037759780883789
M_00000000000000001000000000000100	1.5733087062835693	122.62738154815266	251.2547630963053	251.3515372898537	261.8430503588396	10	0.15994906425476074	0.1788794994354248	0.171830415725708	0.24202942848205566	0.13680267333984375	0.16324520111083984	0.1461048126220703	0.1715395450592041	0.10152220726013184	0.10140585899353027
M_00000000000000000100000000000100	0.6891303062438965	113.89329112570866	233.78658225141731	233.8833564449657	244.37486951395158	10	0.0926675796508789	0.10007143020629883	0.06413435935974121	0.08184599876403809	0.04180407524108887	0.05833911895751953	0.0677499771118164	0.03938436508178711	0.07729125022888184	0.0658421516418457
M_00000000000000000000000000100100	0.9295849800109863	149.0952477838914	304.1904955677828	304.28726976133123	314.7787828303171	10	0.10988521575927734	0.158522367477417	0.1483774185180664	0.03236651420593262	0.1194300651550293	0.04517722129821777	0.11299014091491699	0.08836197853088379	0.03440284729003906	0.08007121086120605
M_00000000010000000000000000000100	0.6267755031585693	143.38457647023796	292.7691529404759	292.86592713402433	303.3574402030102	10	0.07079124450683594	0.08731603622436523	0.06822681427001953	0.07546353340148926	0.05912518501281738	0.051419973373413086	0.05343747138977051	0.06117534637451172	0.05464339256286621	0.04517650604248047
M_00100000000000000000000000000100	0.5012037754058838	149.46326391325408	304.92652782650816	305.0233020200566	315.51481508904243	10	0.059882402420043945	0.03601789474487305	0.03462815284729004	0.061054229736328125	0.06594228744506836	0.03895449638366699	0.059418439865112305	0.05079936981201172	0.046254873275756836	0.04825162887573242
M_00000000000001000000000000000100	0.6411523818969727	117.99630155901312	241.99260311802624	242.08937731157462	252.5808903805605	10	0.059046268463134766	0.07043981552124023	0.05288887023925781	0.0420074462890625	0.0786585807800293	0.08588981628417969	0.06783032417297363	0.04533553123474121	0.06435847282409668	0.07469725608825684
M_00000000001000000000000000000100	0.5423598289489746	127.0941412809787	260.1882825619574	260.2850567555058	270.7765698244917	10	0.05500936508178711	0.05894136428833008	0.04922127723693848	0.058858633041381836	0.07248544692993164	0.0468440055847168	0.03974461555480957	0.05011153221130371	0.04546213150024414	0.06568145751953125
M_10000000000000000000000010000100	1.4224817752838135	97.92062881525486	203.84125763050972	204.00320095034778	217.9589739805554	6	0.14017844200134277	0.2217860221862793	0.12363147735595703	0.06354999542236328	0.09797334671020508	0.12955856323242188	0.12043023109436035	0.16239142417907715	0.17840337753295898	0.18457889556884766
M_00000000000000000000000110000100	1.921966314315796	100.979147349875	209.95829469975	210.12023801958807	224.0760110497957	10	0.18598365783691406	0.3750040531158447	0.12040901184082031	0.11099982261657715	0.29778337478637695	0.26172304153442383	0.2304084300994873	0.1375269889831543	0.09927988052368164	0.10284805297851562
M_00000000100000000000000010000100	1.618290662765503	102.35347984351067	212.70695968702134	212.8689030068594	226.82467603706704	10	0.11725497245788574	0.16262459754943848	0.10880756378173828	0.24927520751953125	0.279984712600708	0.14899873733520508	0.19868755340576172	0.11902809143066406	0.08117008209228516	0.15245914459228516
M_00000000000000000010000010000100	1.4288578033447266	99.79085588795746	207.58171177591493	207.74365509575298	221.69942812596062	10	0.21876811981201172	0.09025764465332031	0.10752439498901367	0.12285041809082031	0.08290815353393555	0.18152356147766113	0.1772620677947998	0.09707188606262207	0.18642854690551758	0.16426301002502441
M_00000000000000000000100010000100	2.2451539039611816	97.0347124628824	202.0694249257648	202.23136824560285	216.1871412758105	10	0.3193814754486084	0.21685481071472168	0.2550942897796631	0.11690902709960938	0.3843345642089844	0.16976213455200195	0.13695693016052246	0.13834834098815918	0.2991793155670166	0.20833301544189453
M_00000010000000000000000010000100	1.7689924240112305	102.78594652338043	213.57189304676086	213.73383636659892	227.68960939680656	10	0.1946713924407959	0.17781949043273926	0.28453564643859863	0.10941004753112793	0.20519423484802246	0.1978437900543213	0.1661238670349121	0.13255834579467773	0.09380388259887695	0.2070317268371582
M_00000000000000000000010010000100	1.7783417701721191	103.01070004767016	214.0214000953403	214.18334341517837	228.139116445386	9	0.23264384269714355	0.13602209091186523	0.11806154251098633	0.11110973358154297	0.24238872528076172	0.22715091705322266	0.3173863887786865	0.17873764038085938	0.10628676414489746	0.10855412483215332
M_00000000000000000000000010001100	2.5689871311187744	101.99398184804477	211.98796369608954	212.1499070159276	226.10568004613523	10	0.17430639266967773	0.2734830379486084	0.16125273704528809	0.24135279655456543	0.22463774681091309	0.5524804592132568	0.1666717529296875	0.23403096199035645	0.32079029083251953	0.21998095512390137
M_00000000000000000000000010000110	1.9794085025787354	102.37523355376857	212.75046710753713	212.9124104273752	226.86818345758283	10	0.1227421760559082	0.21533799171447754	0.08600330352783203	0.11479830741882324	0.32196664810180664	0.2058720588684082	0.29982471466064453	0.17945551872253418	0.2299818992614746	0.20342588424682617
M_00010000000000000000000010000100	1.6354217529296875	94.35301730046099	196.70603460092198	196.86797792076004	210.82375095096768	10	0.10682296752929688	0.12118387222290039	0.13831257820129395	0.32143497467041016	0.18640351295471191	0.1121969223022461	0.17246794700622559	0.1384878158569336	0.13483333587646484	0.2032778263092041
M_01000000000000000000000010000100	1.7765088081359863	90.33673701356285	188.6734740271257	188.83541734696377	202.7911903771714	10	0.10887646675109863	0.18515586853027344	0.2278759479522705	0.2928943634033203	0.12411141395568848	0.13270187377929688	0.1896042823791504	0.21032071113586426	0.18118000030517578	0.12378787994384766
M_00000000000000010000000010000100	1.580909013748169	102.70894969201196	213.4178993840239	213.57984270386197	227.5356157340696	10	0.0978538990020752	0.17248225212097168	0.22309565544128418	0.14423704147338867	0.20332765579223633	0.10657906532287598	0.23677420616149902	0.09418654441833496	0.15760159492492676	0.14477109909057617
M_00001000000000000000000010000100	1.1662726402282715	99.45363663597084	206.90727327194168	207.06921659177974	221.02498962198737	10	0.08305025100708008	0.19740986824035645	0.12456727027893066	0.10083651542663574	0.10691285133361816	0.138258695602417	0.17235183715820312	0.10446882247924805	0.08090639114379883	0.0575101375579834
M_00000000000000100000000010000100	2.087068557739258	95.55107918804467	199.10215837608933	199.2641016959274	213.21987472613503	10	0.16185903549194336	0.14443063735961914	0.2670574188232422	0.188645601272583	0.14754796028137207	0.3296051025390625	0.14625763893127441	0.2497856616973877	0.22324180603027344	0.2286376953125
M_00000000000000000000001010000100	1.845402479171753	87.28303471020025	182.5660694204005	182.72801274023857	196.6837857704462	10	0.10523438453674316	0.14634346961975098	0.28377795219421387	0.09359169006347656	0.23639392852783203	0.17231369018554688	0.17817449569702148	0.1361234188079834	0.2000138759613037	0.29343557357788086
M_00000000000000000000000011000100	1.360680341720581	102.4402318914435	212.880463782887	213.04240710272506	226.9981801329327	10	0.16064047813415527	0.14875483512878418	0.09489870071411133	0.1965017318725586	0.07417941093444824	0.09536051750183105	0.1102442741394043	0.20229196548461914	0.18870329856872559	0.08910512924194336
M_00000000000100000000000010000100	1.7030963897705078	102.28178728441817	212.56357456883634	212.7255178886744	226.68129091888204	10	0.1882631778717041	0.12392759323120117	0.18262910842895508	0.14350152015686035	0.25977492332458496	0.1239621639251709	0.12218952178955078	0.20833444595336914	0.1832895278930664	0.16722440719604492
M_00000000000000000000000010000101	1.8260653018951416	102.8055221408104	213.6110442816208	213.77298760145885	227.7287606316665	10	0.23090100288391113	0.3237283229827881	0.14690208435058594	0.16123628616333008	0.14087486267089844	0.22481393814086914	0.1583876609802246	0.1443638801574707	0.15746474266052246	0.13739252090454102
M_00000000000000000000000010010100	2.282900094985962	100.10478941133253	208.20957882266507	208.37152214250312	222.32729517271076	9	0.15962004661560059	0.1545555591583252	0.14937067031860352	0.20300865173339844	0.41400980949401855	0.23714566230773926	0.1632678508758545	0.16506028175354004	0.2810225486755371	0.3558390140533447
M_00000000000010000000000010000100	2.287552833557129	100.718774158775	209.43754831755	209.59949163738807	223.5552646675957	10	0.1524343490600586	0.09911298751831055	0.42166972160339355	0.12248110771179199	0.5329360961914062	0.10746359825134277	0.25200438499450684	0.19909453392028809	0.18958497047424316	0.2107710838317871
M_00000001000000000000000010000100	2.208580493927002	100.62163707326275	209.2432741465255	209.40521746636355	223.3609904965712	10	0.259899377822876	0.25473999977111816	0.21348977088928223	0.3145275115966797	0.12321066856384277	0.15657830238342285	0.13811206817626953	0.19704222679138184	0.30232667922973633	0.24865388870239258
M_00000100000000000000000010000100	1.3933730125427246	56.35335451309678	120.70670902619356	120.86865234603162	134.82442537623925	10	0.1606583595275879	0.11362147331237793	0.17960786819458008	0.10848712921142578	0.11119651794433594	0.1182551383972168	0.2135329246520996	0.12168097496032715	0.13419890403747559	0.13213372230529785
M_00000000000000000001000010000100	1.5470833778381348	100.88006399508238	209.76012799016476	209.92207131000282	223.87784434021046	10	0.1366267204284668	0.12561464309692383	0.1349501609802246	0.12955927848815918	0.1458587646484375	0.237748384475708	0.18991565704345703	0.11322021484375	0.12371587753295898	0.20987367630004883
M_00000000000000001000000010000100	1.3772501945495605	78.83251379957565	165.6650275991513	165.82697091898936	179.782743949197	10	0.14641046524047852	0.18431711196899414	0.13502717018127441	0.11434650421142578	0.13718342781066895	0.12690353393554688	0.15767550468444824	0.10071897506713867	0.157090425491333	0.11757707595825195
M_00000000000000000100000010000100	1.6697485446929932	97.30989326316524	202.61978652633047	202.78172984616853	216.73750287637617	10	0.21418213844299316	0.1643352508544922	0.11606574058532715	0.19866633415222168	0.25632357597351074	0.13269472122192383	0.15351223945617676	0.127913236618042	0.15648293495178223	0.14957237243652344
M_00000000000000000000000010100100	1.585123062133789	102.99185183154198	213.98370366308396	214.14564698292202	228.10142001312965	10	0.22423171997070312	0.08679008483886719	0.2435903549194336	0.07509493827819824	0.13002824783325195	0.12374043464660645	0.1413710117340088	0.1376199722290039	0.25726962089538574	0.16538667678833008
M_00000000010000000000000010000100	2.445294141769409	94.62060572912289	197.24121145824577	197.40315477808383	211.35892780829147	10	0.24950623512268066	0.17940759658813477	0.41567349433898926	0.3477613925933838	0.26241016387939453	0.12919974327087402	0.1545257568359375	0.14024758338928223	0.18970894813537598	0.37685322761535645
M_00100000000000000000000010000100	1.5207993984222412	100.98700080165099	209.97400160330199	210.13594492314004	224.09171795334768	10	0.24551844596862793	0.16286969184875488	0.1436617374420166	0.1094212532043457	0.16954612731933594	0.10580039024353027	0.12155771255493164	0.1353745460510254	0.17558860778808594	0.15146088600158691
M_00000000000001000000000010000100	1.6028249263763428	100.455020163988	208.910040327976	209.07198364781405	223.0277566780217	10	0.0860750675201416	0.20554208755493164	0.16211819648742676	0.13913726806640625	0.19053053855895996	0.17614483833312988	0.17596435546875	0.1508169174194336	0.11025333404541016	0.20624232292175293
M_00000000001000000000000010000100	1.3898873329162598	79.84102649740306	167.68205299480613	167.8439963146442	181.79976934485182	10	0.21367311477661133	0.12981843948364258	0.16592788696289062	0.10951733589172363	0.1443490982055664	0.12423253059387207	0.0988161563873291	0.15231943130493164	0.1414651870727539	0.10976815223693848
M_10000100000000000000000010000100	8.276960611343384	56.33500599884821	122.67001199769642	122.91391443672082	140.31715743525353	8	0.4732935428619385	0.21836137771606445	0.379122257232666	0.14361047744750977	4.816423654556274	0.2964322566986084	0.3947591781616211	1.2037310600280762	0.22283458709716797	0.12839221954345703
M_00000100000000000000000110000100	1.8837997913360596	47.94601123889433	105.89202247778866	106.13592491681305	123.53916791534577	10	0.20621109008789062	0.1872570514678955	0.17798089981079102	0.18506217002868652	0.2008504867553711	0.17874932289123535	0.17687439918518066	0.2406296730041504	0.16873455047607422	0.16145014762878418
M_00000100100000000000000010000100	2.1904308795928955	56.34785434968782	122.69570869937564	122.93961113840004	140.34285413693277	10	0.22215867042541504	0.17882394790649414	0.25850939750671387	0.28171586990356445	0.23158049583435059	0.15775656700134277	0.15071821212768555	0.19707751274108887	0.281444787979126	0.23064541816711426
M_00000100000000000010000010000100	1.8818509578704834	48.93461547997598	107.86923095995196	108.11313339897636	125.51637639750908	10	0.13974976539611816	0.19075703620910645	0.23334574699401855	0.20709562301635742	0.24465274810791016	0.18797874450683594	0.1678774356842041	0.12991595268249512	0.16864395141601562	0.21183395385742188
M_00000100000000000000100010000100	3.2618839740753174	47.5671617053425	105.134323410685	105.3782258497094	122.78146884824211	10	0.5405213832855225	0.2884793281555176	0.40545105934143066	0.19072270393371582	0.565241813659668	0.45804929733276367	0.29889583587646484	0.16091251373291016	0.21007108688354492	0.1435389518737793
M_00000110000000000000000010000100	2.059237480163574	56.11496947855603	122.22993895711205	122.47384139613645	139.87708439466917	10	0.17369890213012695	0.2616400718688965	0.1610584259033203	0.27305150032043457	0.24478864669799805	0.23620319366455078	0.14664244651794434	0.21152448654174805	0.17959117889404297	0.17103862762451172
M_00000100000000000000010010000100	1.878664493560791	55.482754249648174	120.96550849929635	121.20941093832074	138.61265393685346	9	0.15232634544372559	0.21294236183166504	0.13794517517089844	0.20416545867919922	0.15841412544250488	0.16892671585083008	0.22667241096496582	0.20349645614624023	0.16541385650634766	0.24836158752441406
M_00000100000000000000000010001100	2.2922158241271973	56.09008877406607	122.18017754813214	122.42407998715653	139.82732298568925	10	0.18668079376220703	0.1935105323791504	0.3227417469024658	0.290874719619751	0.19831013679504395	0.1748037338256836	0.22526335716247559	0.2135918140411377	0.220475435256958	0.2659635543823242
M_00000100000000000000000010000110	2.135547399520874	50.16092426881853	110.32184853763707	110.56575097666146	127.96899397519418	10	0.1959211826324463	0.31348347663879395	0.22508025169372559	0.2817378044128418	0.15876245498657227	0.11324787139892578	0.18774700164794922	0.3247349262237549	0.15749025344848633	0.17734217643737793
M_00010100000000000000000010000100	1.7331738471984863	52.046698340166365	114.09339668033273	114.33729911935713	131.74054211788985	10	0.11997127532958984	0.14874672889709473	0.1626131534576416	0.164536714553833	0.17873072624206543	0.2748427391052246	0.1450059413909912	0.18947148323059082	0.20473623275756836	0.14451885223388672
M_01000100000000000000000010000100	2.2880709171295166	50.821121462166204	111.64224292433241	111.8861453633568	129.28938836188954	10	0.20302867889404297	0.19537591934204102	0.16568374633789062	0.21913790702819824	0.15944170951843262	0.297682523727417	0.2212390899658203	0.33095335960388184	0.22289347648620605	0.27263450622558594
M_00000100000000010000000010000100	1.997974157333374	55.72459462000923	121.44918924001846	121.69309167904285	139.09633467757558	10	0.11425185203552246	0.1520824432373047	0.30213069915771484	0.3620622158050537	0.2602996826171875	0.2258446216583252	0.19503521919250488	0.127183198928833	0.16679739952087402	0.09228682518005371
M_00001100000000000000000010000100	1.9957172870635986	56.03268368732458	122.06536737464916	122.30926981367355	139.71251281220628	10	0.30202579498291016	0.15174627304077148	0.1403646469116211	0.20083069801330566	0.19572925567626953	0.32943010330200195	0.1527857780456543	0.14137554168701172	0.26332521438598633	0.1181039810180664
M_00000100000000100000000010000100	2.654841184616089	44.118673915152996	98.23734783030599	98.48125026933039	115.8844932678631	10	0.15665817260742188	0.1911487579345703	0.5055186748504639	0.15556597709655762	0.3250448703765869	0.18628501892089844	0.18858075141906738	0.14328503608703613	0.529334306716919	0.2734196186065674
M_00000100000000000000001010000100	1.7072033882141113	48.85191794707406	107.70383589414811	107.94773833317251	125.35098133170523	10	0.13775062561035156	0.2459423542022705	0.12033677101135254	0.1249239444732666	0.16312146186828613	0.16022276878356934	0.16830039024353027	0.2846183776855469	0.17931556701660156	0.12267112731933594
M_00000100000000000000000011000100	1.828808307647705	53.681915053918416	117.36383010783683	117.60773254686123	135.01097554539396	10	0.2991964817047119	0.24381232261657715	0.16805505752563477	0.17924928665161133	0.1389470100402832	0.12124347686767578	0.2167046070098877	0.1007087230682373	0.1317431926727295	0.22914814949035645
M_00000100000100000000000010000100	2.1174211502075195	56.23853295617636	122.47706591235271	122.72096835137711	140.12421134990984	10	0.3356657028198242	0.15651535987854004	0.10759115219116211	0.19400858879089355	0.19931888580322266	0.3418731689453125	0.1616044044494629	0.18486881256103516	0.24008607864379883	0.19588899612426758
M_00000100000000000000000010000101	2.007143974304199	55.89033922421511	121.78067844843022	122.02458088745462	139.42782388598735	10	0.20310163497924805	0.3550291061401367	0.16576099395751953	0.27295804023742676	0.21329998970031738	0.16588854789733887	0.15916919708251953	0.13135528564453125	0.1489243507385254	0.19165682792663574
M_00000100000000000000000010010100	2.082486391067505	46.916167297467965	103.83233459493593	104.07623703396033	121.47948003249304	10	0.16809868812561035	0.18421459197998047	0.3078732490539551	0.2558426856994629	0.2931182384490967	0.1237950325012207	0.23229098320007324	0.17213940620422363	0.20090723037719727	0.14420628547668457
M_00000100000010000000000010000100	2.335973024368286	55.28944298166722	120.57888596333444	120.82278840235884	138.22603140089157	9	0.17980098724365234	0.09173941612243652	0.38730573654174805	0.176619291305542	0.26009082794189453	0.22864079475402832	0.2413017749786377	0.27150440216064453	0.25249218940734863	0.24647760391235352
M_00000101000000000000000010000100	1.7768974304199219	56.333464031679554	122.66692806335911	122.9108305023835	140.31407350091624	10	0.19509077072143555	0.16040301322937012	0.1924898624420166	0.18234825134277344	0.1334376335144043	0.20665454864501953	0.15095210075378418	0.18944931030273438	0.15049529075622559	0.2155766487121582
M_00000100000000000001000010000100	1.8029093742370605	53.47250970791251	116.94501941582502	117.18892185484941	134.59216485338214	10	0.1978130340576172	0.3081202507019043	0.17934346199035645	0.15740585327148438	0.21454453468322754	0.10497713088989258	0.14912176132202148	0.1558208465576172	0.14077115058898926	0.1949913501739502
M_00000100000000001000000010000100	1.8929731845855713	49.10202079500128	108.20404159000256	108.44794402902696	125.85118702755967	10	0.2263343334197998	0.1982402801513672	0.19483399391174316	0.18724894523620605	0.18112754821777344	0.19920969009399414	0.18442225456237793	0.21054506301879883	0.12178444862365723	0.18922662734985352
M_00000100000000000100000010000100	1.7300693988800049	53.28622509096847	116.57245018193694	116.81635262096134	134.21959561949407	10	0.23082923889160156	0.14091920852661133	0.12061142921447754	0.11289858818054199	0.1635897159576416	0.12951421737670898	0.17331409454345703	0.2062065601348877	0.23589253425598145	0.2162938117980957
M_00000100000000000000000010100100	1.855907917022705	55.578580606714596	121.15716121342919	121.40106365245359	138.80430665098632	10	0.22336935997009277	0.2258589267730713	0.1747901439666748	0.18679356575012207	0.16128778457641602	0.1666574478149414	0.21741533279418945	0.15598249435424805	0.16154980659484863	0.18220305442810059
M_00000100010000000000000010000100	2.724219560623169	44.213673757021425	98.42734751404285	98.67124995306725	116.07449295159996	10	0.17298388481140137	0.15776777267456055	0.38407397270202637	0.17895865440368652	0.19721174240112305	0.26160597801208496	0.25394153594970703	0.4487953186035156	0.23402976989746094	0.43485093116760254
M_00100100000000000000000010000100	2.041677236557007	53.66586340688612	117.33172681377224	117.57562925279663	134.97887225132936	10	0.16239666938781738	0.30470752716064453	0.3167698383331299	0.1530609130859375	0.16260170936584473	0.1450345516204834	0.1922318935394287	0.16842246055603027	0.21495699882507324	0.2214946746826172
M_00000100000001000000000010000100	2.030454397201538	53.38337758473182	116.76675516946364	117.01065760848803	134.41390060702076	10	0.2365865707397461	0.13517522811889648	0.18640518188476562	0.18542218208312988	0.25400567054748535	0.3142385482788086	0.1838235855102539	0.2620859146118164	0.14360499382019043	0.1291065216064453
M_00000100001000000000000010000100	1.7195453643798828	55.173846782190545	120.34769356438109	120.59159600340548	137.9948390019382	10	0.17043614387512207	0.15464544296264648	0.13199710845947266	0.13308000564575195	0.19568896293640137	0.14119601249694824	0.20662999153137207	0.23327279090881348	0.17597079277038574	0.17662811279296875
M_10000100000000100000000010000100	3.9894649982452393	40.949260435981245	93.89852087196249	94.24137801481963	115.07509539703102	8	0.343660831451416	0.5981795787811279	0.6324262619018555	0.7280230522155762	0.2633025646209717	0.5678942203521729	0.2859795093536377	0.2208261489868164	0.17475605010986328	0.17441678047180176
M_00000100000000100000000110000100	2.7558164596557617	41.72135488893964	95.44270977787929	95.78556692073643	116.61928430294782	10	0.33606886863708496	0.15377426147460938	0.3186051845550537	0.2795541286468506	0.2295830249786377	0.2807157039642334	0.1997995376586914	0.3233916759490967	0.28866076469421387	0.34566330909729004
M_00000100100000100000000010000100	2.54390287399292	43.661945234222515	99.32389046844503	99.66674761130217	120.50046499351356	9	0.3450942039489746	0.20905113220214844	0.2904365062713623	0.2326948642730713	0.18992877006530762	0.16840529441833496	0.1548166275024414	0.18566155433654785	0.31937599182128906	0.4484379291534424
M_00000100000000100010000010000100	2.9880168437957764	35.64058554402377	83.28117108804754	83.62402823090468	104.45774561311609	9	0.25203728675842285	0.2994518280029297	0.3973078727722168	0.355424165725708	0.30242276191711426	0.4481034278869629	0.2494497299194336	0.2800929546356201	0.16588282585144043	0.23784399032592773
M_00000100000000100000100010000100	3.3315811157226562	44.056281759357894	100.11256351871579	100.45542066157293	121.28913804378433	10	0.26892566680908203	0.2237718105316162	0.346297025680542	0.3096201419830322	0.25377988815307617	0.3432333469390869	0.35294556617736816	0.7853996753692627	0.2388167381286621	0.20879125595092773
M_00000110000000100000000010000100	2.7893917560577393	43.60084692650009	99.20169385300018	99.54455099585732	120.37826837806873	10	0.3200709819793701	0.29441285133361816	0.23232030868530273	0.18705081939697266	0.3402750492095947	0.2904996871948242	0.29799818992614746	0.2520260810852051	0.24492645263671875	0.32981133460998535
M_00000100000000100000010010000100	2.6571545600891113	43.77003045210129	99.54006090420258	99.88291804705972	120.71663542927112	9	0.2802095413208008	0.2296304702758789	0.1977994441986084	0.5499203205108643	0.18074440956115723	0.1710186004638672	0.2773478031158447	0.22839713096618652	0.22451090812683105	0.31757593154907227
M_00000100000000100000000010001100	3.6146764755249023	43.41226362057604	98.82452724115208	99.16738438400922	120.00110176622061	10	0.22424864768981934	0.3620491027832031	0.4502224922180176	0.42909717559814453	0.48578834533691406	0.21358036994934082	0.4833381175994873	0.3159668445587158	0.3839418888092041	0.26644349098205566
M_00000100000000100000000010000110	3.0311832427978516	43.12774961688412	98.25549923376823	98.59835637662538	119.43207375883676	10	0.24771928787231445	0.266387939453125	0.4420924186706543	0.2903096675872803	0.38927316665649414	0.32742786407470703	0.4600203037261963	0.20650887489318848	0.15246891975402832	0.24897480010986328
M_00010100000000100000000010000100	3.5872063636779785	42.33666315420986	96.67332630841972	97.01618345127686	117.84990083348825	7	0.36792445182800293	0.28570079803466797	0.27092885971069336	0.24063873291015625	0.38090968132019043	0.2646472454071045	0.35803723335266113	0.4270002841949463	0.42978835105895996	0.5616307258605957
M_01000100000000100000000010000100	2.990652561187744	37.86919992950594	87.73839985901188	88.08125700186902	108.91497438408041	10	0.23990416526794434	0.5963921546936035	0.275895357131958	0.24591755867004395	0.20525050163269043	0.3097376823425293	0.2631397247314453	0.306093692779541	0.2971305847167969	0.2511911392211914
M_00000100000000110000000010000100	3.2459256649017334	43.819374937122355	99.63874987424471	99.98160701710185	120.81532439931325	9	0.6080794334411621	0.47350239753723145	0.26920104026794434	0.19993209838867188	0.3003244400024414	0.16704082489013672	0.3015294075012207	0.2597391605377197	0.40819716453552246	0.2583796977996826
M_00001100000000100000000010000100	2.6755383014678955	44.05339776514258	100.10679553028515	100.4496526731423	121.28337005535369	9	0.15432333946228027	0.19284844398498535	0.3065989017486572	0.4177742004394531	0.15915846824645996	0.32808947563171387	0.2272322177886963	0.34189796447753906	0.23682284355163574	0.3107924461364746
M_00000100000000100000001010000100	3.1771695613861084	36.14440355139718	84.28880710279437	84.6316642456515	105.46538162786291	9	0.2328200340270996	0.2195911407470703	0.23965120315551758	0.4932680130004883	0.40648579597473145	0.17543482780456543	0.4655320644378662	0.17772626876831055	0.45120668411254883	0.31545352935791016
M_00000100000000100000000011000100	2.9385852813720703	40.944613323987696	93.88922664797539	94.23208379083253	115.06580117304392	9	0.22176790237426758	0.3142361640930176	0.27492380142211914	0.23518657684326172	0.28632307052612305	0.3445150852203369	0.2651827335357666	0.2998926639556885	0.27524757385253906	0.4213097095489502
M_00000100000100100000000010000100	2.7675187587738037	44.11512356934131	100.23024713868261	100.57310428153976	121.40682166375115	9	0.16173720359802246	0.2573106288909912	0.4075748920440674	0.25301647186279297	0.1928424835205078	0.1645829677581787	0.1949770450592041	0.2217245101928711	0.2560701370239258	0.6576824188232422
M_00000100000000100000000010000101	2.8813636302948	43.79151883787631	99.58303767575262	99.92589481860976	120.75961220082115	10	0.3136177062988281	0.2221224308013916	0.21379423141479492	0.2694065570831299	0.37840747833251953	0.339353084564209	0.3232138156890869	0.3298354148864746	0.2317056655883789	0.25990724563598633
M_00000100000000100000000010010100	2.651313066482544	41.9953580447542	95.9907160895084	96.33357323236554	117.16729061457693	10	0.29285168647766113	0.27365851402282715	0.22498321533203125	0.16886138916015625	0.2082211971282959	0.4001612663269043	0.29328131675720215	0.26612305641174316	0.18305039405822754	0.3401210308074951
M_00000100000010100000000010000100	3.6317849159240723	44.05695153689068	100.11390307378136	100.4567602166385	121.29047759884989	9	0.6943299770355225	0.23568320274353027	0.1885368824005127	0.45573949813842773	0.4092898368835449	0.1520543098449707	0.3534080982208252	0.15953421592712402	0.3322582244873047	0.6509506702423096
M_00000101000000100000000010000100	2.8107831478118896	42.8847826586978	97.7695653173956	98.11242246025274	118.94613984246413	9	0.2318403720855713	0.1787245273590088	0.33466434478759766	0.32152748107910156	0.35167694091796875	0.329941987991333	0.23093152046203613	0.271106481552124	0.14624428749084473	0.4141252040863037
M_00000100000000100001000010000100	3.186713457107544	42.01216350875875	96.0243270175175	96.36718416037465	117.20090154258605	10	0.3937084674835205	0.29750800132751465	0.2715003490447998	0.2659175395965576	0.22513461112976074	0.3623933792114258	0.47023701667785645	0.39804601669311523	0.1909174919128418	0.31135058403015137
M_00000100000000101000000010000100	2.6442770957946777	39.603394463021196	91.20678892604239	91.54964606889953	112.38336345111094	8	0.4147813320159912	0.16808319091796875	0.15873217582702637	0.277895450592041	0.1927480697631836	0.18935441970825195	0.2785804271697998	0.22025704383850098	0.5267729759216309	0.2170720100402832
M_00000100000000100100000010000100	3.562018632888794	43.8984209783747	99.7968419567494	100.13969909960655	120.97341648181794	9	0.33208441734313965	0.24065923690795898	0.30615711212158203	0.6209585666656494	0.39085960388183594	0.45117831230163574	0.20130610466003418	0.3226938247680664	0.39772939682006836	0.29839205741882324
M_00000100000000100000000010100100	3.0850489139556885	43.554494556502036	99.10898911300407	99.45184625586121	120.2855636380726	8	0.25004148483276367	0.294605016708374	0.24887585639953613	0.3304417133331299	0.27169179916381836	0.18639087677001953	0.38679003715515137	0.2654147148132324	0.4447624683380127	0.4060349464416504
M_00000100010000100000000010000100	3.0698015689849854	43.649576667953454	99.29915333590691	99.64201047876405	120.47572786097544	9	0.2784404754638672	0.208817720413208	0.2707970142364502	0.32427144050598145	0.21878743171691895	0.3570129871368408	0.35083699226379395	0.4340400695800781	0.31642627716064453	0.31037116050720215
M_00100100000000100000000010000100	3.0843617916107178	43.95357814125915	99.9071562825183	100.25001342537544	121.08373080758685	9	0.34346652030944824	0.19051361083984375	0.2106003761291504	0.29900097846984863	0.22033143043518066	0.2263493537902832	0.23016142845153809	0.21996545791625977	0.38750600814819336	0.7564666271209717
M_00000100000001100000000010000100	3.6874778270721436	42.05836018079943	96.11672036159887	96.459577504456	117.29329488666741	10	0.1505129337310791	0.5134320259094238	0.21605134010314941	0.4585435390472412	0.30582427978515625	0.3759043216705322	0.18806219100952148	0.81473708152771	0.4556596279144287	0.20875048637390137
M_00000100001000100000000010000100	3.2204127311706543	40.75660441947646	93.51320883895292	93.85606598181006	114.68978336402145	8	0.4140744209289551	0.33985424041748047	0.2834048271179199	0.1690363883972168	0.4928126335144043	0.2988460063934326	0.28350162506103516	0.465648889541626	0.26007533073425293	0.21315836906433105
M_10000100000000100010000010000100	5.062354803085327	31.584625095036024	77.16925019007205	77.62826658351467	101.87525380265201	4	0.5846242904663086	0.6719577312469482	0.6568233966827393	0.44527411460876465	0.45223045349121094	0.6197700500488281	0.72810959815979	0.5987424850463867	0.13168954849243164	0.17313313484191895
M_00000100000000100010000110000100	3.626006841659546	29.12552232648861	72.25104465297721	72.71006104641984	96.95704826555718	10	0.2829117774963379	0.5534558296203613	0.440110445022583	0.35298633575439453	0.3532252311706543	0.18022823333740234	0.32761383056640625	0.41032862663269043	0.4322645664215088	0.29288196563720703
M_00000100100000100010000010000100	3.485245704650879	35.40487682731568	84.80975365463136	85.26877004807399	109.51575726721133	10	0.4979102611541748	0.3193018436431885	0.46059179306030273	0.35687828063964844	0.3182237148284912	0.19569826126098633	0.42603182792663574	0.3536412715911865	0.31339597702026367	0.24357247352600098
M_00000100000000100010100010000100	3.8008108139038086	35.57848234531151	85.15696469062301	85.61598108406564	109.86296830320298	8	0.32071518898010254	0.3757760524749756	0.6871938705444336	0.273465633392334	0.28453493118286133	0.6377766132354736	0.29959821701049805	0.23918914794921875	0.3053309917449951	0.377230167388916
M_00000110000000100010000010000100	3.433058977127075	35.227960655824674	84.45592131164935	84.91493770509197	109.16192492422931	10	0.2590599060058594	0.2827174663543701	0.35075855255126953	0.3970661163330078	0.49949216842651367	0.34337615966796875	0.25311923027038574	0.4068284034729004	0.308971643447876	0.33166933059692383
M_00000100000000100010010010000100	3.777921199798584	35.587143394187386	85.17428678837477	85.6333031818174	109.88029040095473	8	0.2985861301422119	0.30907750129699707	0.32583141326904297	0.35364198684692383	0.2985348701477051	0.38967061042785645	0.2639808654785156	0.3489096164703369	0.43700194358825684	0.7526862621307373
M_00000100000000100010000010001100	3.8015525341033936	35.479214736358145	84.95842947271629	85.41744586615891	109.66443308529625	8	0.3188142776489258	0.3301703929901123	0.36382460594177246	0.41013264656066895	0.3862161636352539	0.2519533634185791	0.6521823406219482	0.23650336265563965	0.5868492126464844	0.2649061679840088
M_00000100000000100010000010000110	4.897681474685669	35.63942355762262	85.27884711524524	85.73786350868787	109.9848507278252	10	0.5896763801574707	0.42028236389160156	0.6486935615539551	0.6556684970855713	0.40501928329467773	0.30744194984436035	0.4687011241912842	0.3973088264465332	0.7202732563018799	0.28461623191833496
M_00010100000000100010000010000100	4.3673765659332275	34.71144716704511	83.42289433409022	83.88191072753284	108.12889794667018	9	0.24071216583251953	0.3606452941894531	0.35139942169189453	0.49620890617370605	0.32000303268432617	0.4037656784057617	0.29938602447509766	0.3591146469116211	1.0273692607879639	0.5087721347808838
M_01000100000000100010000010000100	3.4947798252105713	27.728590990246044	69.4571819804921	69.91619837393472	94.16318559307206	9	0.27547430992126465	0.38533830642700195	0.20328855514526367	0.26701927185058594	0.47666501998901367	0.2700028419494629	0.3957250118255615	0.47713708877563477	0.3647427558898926	0.37938666343688965
M_00000100000000110010000010000100	3.5864665508270264	33.96410944342243	81.92821888684486	82.38723528028748	106.63422249942482	6	0.43320155143737793	0.455676794052124	0.35925912857055664	0.2142794132232666	0.32933878898620605	0.19365930557250977	0.42701053619384766	0.324918270111084	0.5111424922943115	0.3379802703857422
M_00001100000000100010000010000100	3.0042688846588135	35.24984362135983	84.49968724271966	84.95870363616228	109.20569085529962	10	0.3291127681732178	0.2738652229309082	0.3017542362213135	0.3479583263397217	0.4457700252532959	0.3036057949066162	0.2749466896057129	0.23787450790405273	0.29396653175354004	0.19541478157043457
M_00000100000000100010001010000100	4.301531553268433	34.697556251682435	83.39511250336487	83.8541288968075	108.10111611594483	10	0.49343395233154297	0.3883030414581299	0.29158806800842285	0.41243624687194824	0.3610067367553711	0.388885498046875	0.5197474956512451	0.516883373260498	0.4729454517364502	0.4563016891479492
M_00000100000000100010000011000100	3.5671024322509766	28.86639250289196	71.73278500578391	72.19180139922653	96.43878861836387	10	0.37586522102355957	0.3110952377319336	0.23032426834106445	0.3361217975616455	0.4270038604736328	0.5242719650268555	0.36510276794433594	0.2572808265686035	0.350541353225708	0.3894951343536377
M_00000100000100100010000010000100	3.009477376937866	35.41398112675894	84.82796225351788	85.2869786469605	109.53396586609784	10	0.28382253646850586	0.5665867328643799	0.38646721839904785	0.29355311393737793	0.24067974090576172	0.19566774368286133	0.23407435417175293	0.3180067539215088	0.18292522430419922	0.3076939582824707
M_00000100000000100010000010000101	3.775399684906006	35.197850639332756	84.39570127866551	84.85471767210814	109.10170489124548	9	0.28127098083496094	0.3487579822540283	0.483257532119751	0.3008451461791992	0.4382352828979492	0.278123140335083	0.3665587902069092	0.4975459575653076	0.3839564323425293	0.3968484401702881
M_00000100000000100010000010010100	2.991755247116089	32.42239508974417	78.84479017948834	79.30380657293097	103.5507937920683	10	0.2533111572265625	0.4375498294830322	0.20885896682739258	0.29408693313598633	0.39745163917541504	0.29703855514526367	0.22563576698303223	0.3253602981567383	0.24394822120666504	0.308513879776001
M_00000100000010100010000010000100	3.8359124660491943	34.54898440504183	83.09796881008366	83.55698520352628	107.80397242266362	8	0.31752753257751465	0.36084723472595215	0.4273993968963623	0.4660806655883789	0.279604434967041	0.33459043502807617	0.32524967193603516	0.46558237075805664	0.6067383289337158	0.2522923946380615
M_00000101000000100010000010000100	3.651669979095459	35.47612829686021	84.95225659372042	85.41127298716304	109.65826020630038	6	0.38210439682006836	0.47040534019470215	0.3951144218444824	0.47236132621765137	0.3276553153991699	0.32892513275146484	0.36894655227661133	0.4311671257019043	0.2203221321105957	0.2546682357788086
M_00000100000000100011000010000100	3.0955617427825928	35.40936225901343	84.81872451802685	85.27774091146948	109.52472813060682	8	0.22338080406188965	0.32826781272888184	0.31871938705444336	0.27710723876953125	0.32310986518859863	0.25943970680236816	0.3065531253814697	0.24291419982910156	0.3418242931365967	0.4742453098297119
M_00000100000000101010000010000100	3.6976442337036133	35.249843618890296	84.49968723778059	84.95870363122322	109.20569085036055	10	0.39358091354370117	0.4188270568847656	0.4034552574157715	0.477170467376709	0.38044166564941406	0.3650665283203125	0.2428605556488037	0.222489595413208	0.34961628913879395	0.4441359043121338
M_00000100000000100110000010000100	3.3911335468292236	35.639860281741385	85.27972056348277	85.7387369569254	109.98572417606273	9	0.43033766746520996	0.4018857479095459	0.3300755023956299	0.42038559913635254	0.28619885444641113	0.5163168907165527	0.2798635959625244	0.1911473274230957	0.3067901134490967	0.2281322479248047
M_00000100000000100010000010100100	3.9165492057800293	35.35544994904019	84.71089989808038	85.16991629152301	109.41690351066035	9	0.4968693256378174	0.3607137203216553	0.2910597324371338	0.33788204193115234	0.4114549160003662	0.4641580581665039	0.37468552589416504	0.26402831077575684	0.24908924102783203	0.6666083335876465
M_00000100010000100010000010000100	5.071854591369629	34.19773842693541	82.39547685387082	82.85449324731344	107.10148046645078	8	0.5279607772827148	0.5988161563873291	0.2717742919921875	0.6178417205810547	0.692030668258667	0.5317566394805908	0.5312726497650146	0.6300656795501709	0.3280513286590576	0.3422846794128418
M_00100100000000100010000010000100	3.9340710639953613	35.627734048628305	85.25546809725661	85.71448449069923	109.96147170983657	9	0.2772254943847656	0.4579296112060547	0.4001479148864746	0.4774940013885498	0.307323694229126	0.4394841194152832	0.45284175872802734	0.39028024673461914	0.34860730171203613	0.3827369213104248
M_00000100000001100010000010000100	3.791984796524048	33.3503795203525	80.700759040705	81.15977543414762	105.40676265328496	10	0.509610652923584	0.20398545265197754	0.6647834777832031	0.5109164714813232	0.1775658130645752	0.33306884765625	0.3635988235473633	0.23091864585876465	0.41301608085632324	0.3845205307006836
M_00000100001000100010000010000100	4.337992191314697	32.91643628530383	79.83287257060766	80.29188896405029	104.53887618318763	9	0.2514667510986328	0.4554109573364258	0.23348736763000488	0.5989062786102295	0.4573392868041992	0.6382482051849365	0.6543178558349609	0.36110758781433105	0.22792553901672363	0.45978236198425293
M_11000100000000100010000010000100	7.752137184143066	26.130612282849597	68.2612245656992	68.85381715829179	96.49665726579059	2	0.526515007019043	0.43468785285949707	2.380415439605713	2.0168159008026123	0.8158690929412842	0.5822722911834717	0.413250207901001	0.1842970848083496	0.24007010459899902	0.1579442024230957
M_01000100000000100010000110000100	4.551307201385498	22.218058354426994	60.43611670885399	61.02870930144658	88.67154940894537	8	0.3013584613800049	0.3173532485961914	0.4770944118499756	0.49037814140319824	0.709526538848877	0.42314720153808594	0.514756441116333	0.6232585906982422	0.4653959274291992	0.22903823852539062
M_01000100100000100010000010000100	4.844487190246582	27.72794733618825	71.4558946723765	72.0484872649691	99.6913273724679	5	0.4523289203643799	0.40205979347229004	0.6837644577026367	0.6454083919525146	0.9590322971343994	0.2929658889770508	0.4155116081237793	0.3314378261566162	0.32324671745300293	0.3387312889099121
M_01000100000000100010100010000100	5.656269073486328	27.663815141231236	71.32763028246248	71.92022287505507	99.56306298255386	5	0.42090868949890137	0.6819887161254883	0.2931210994720459	0.2726771831512451	0.37978100776672363	0.4371306896209717	0.5589830875396729	0.8460659980773926	0.5479373931884766	1.2176752090454102
M_01000110000000100010000010000100	4.428354024887085	27.24424552514548	70.48849105029096	71.08108364288356	98.72392375038234	10	0.48183536529541016	0.3134346008300781	0.3963663578033447	0.422576904296875	0.5429127216339111	0.46006345748901367	0.37578296661376953	0.48688840866088867	0.4628870487213135	0.48560619354248047
M_01000100000000100010010010000100	4.635121583938599	27.578064842655547	71.1561296853111	71.7487222779037	99.39156238540248	10	0.4300811290740967	0.5129308700561523	0.3432767391204834	0.3751685619354248	0.42635273933410645	0.3645749092102051	0.22714829444885254	1.0311481952667236	0.5452785491943359	0.3791615962982178
M_01000100000000100010000010001100	4.979599714279175	27.550662273563365	71.10132454712672	71.69391713971932	99.33675724721812	9	0.7347784042358398	0.8097302913665771	0.3539388179779053	0.32262325286865234	0.5171194076538086	0.5693166255950928	0.5882918834686279	0.48493075370788574	0.29396843910217285	0.3049018383026123
M_01000100000000100010000010000110	4.851043462753296	27.623325087588054	71.24665017517611	71.83924276776871	99.4820828752675	10	0.4909682273864746	0.7177879810333252	0.38184189796447754	0.5129382610321045	0.6020283699035645	0.3199796676635742	0.35720348358154297	0.5375909805297852	0.6174302101135254	0.3132743835449219
M_01010100000000100010000010000100	3.2741689682006836	24.74914557117405	65.49829114234811	66.0908837349407	93.73372384243949	8	0.24994921684265137	0.34525036811828613	0.31475400924682617	0.392183780670166	0.36774373054504395	0.22749686241149902	0.35356903076171875	0.3844437599182129	0.3152432441711426	0.3235349655151367
M_01000100000000110010000010000100	5.186589241027832	26.985100298177592	69.97020059635518	70.56279318894778	98.20563329644656	8	0.4174327850341797	0.7790610790252686	0.5004377365112305	0.2878131866455078	0.3896172046661377	0.33745837211608887	0.33270931243896484	0.6669318675994873	0.940148115158081	0.5349795818328857
M_01001100000000100010000010000100	3.9817512035369873	27.728082414957306	71.45616482991461	72.04875742250721	99.69159753000599	10	0.33281636238098145	0.3262948989868164	0.2644155025482178	0.4531083106994629	0.34626293182373047	0.28975820541381836	0.41214919090270996	0.5413413047790527	0.40040159225463867	0.6152029037475586
M_01000100000000100010001010000100	3.219099521636963	27.58400406503706	71.16800813007413	71.76060072266672	99.40344083016551	9	0.30988240242004395	0.4661433696746826	0.24448585510253906	0.3438873291015625	0.20502471923828125	0.4014091491699219	0.27831578254699707	0.3695108890533447	0.3011798858642578	0.29926013946533203
M_01000100000000100010000011000100	3.5489940643310547	20.92167918447046	57.84335836894092	58.435950961533514	86.0787910690323	10	0.3731367588043213	0.4697878360748291	0.31321287155151367	0.3415701389312744	0.42905163764953613	0.40378689765930176	0.2833380699157715	0.21292877197265625	0.3442416191101074	0.37793946266174316
M_01000100000100100010000010000100	4.336374044418335	27.724430368235133	71.44886073647027	72.04145332906286	99.68429343656166	7	0.5243618488311768	0.4022390842437744	0.26598477363586426	0.30045175552368164	0.4241828918457031	0.36069703102111816	0.5030255317687988	0.5573141574859619	0.5440635681152344	0.4540534019470215
M_01000100000000100010000010000101	4.239814043045044	27.23959918873928	70.47919837747855	71.07179097007115	98.71463107756995	9	0.44228029251098633	0.4002554416656494	0.36722707748413086	0.5068919658660889	0.29564595222473145	0.8862965106964111	0.24411487579345703	0.3270416259765625	0.38327860832214355	0.3867816925048828
M_01000100000000100010000010010100	3.474677085876465	23.24065097165323	62.48130194330646	63.07389453589906	90.71673464339784	9	0.4474925994873047	0.30993175506591797	0.2361912727355957	0.36720800399780273	0.2568027973175049	0.3270883560180664	0.4549729824066162	0.3259265422821045	0.24792194366455078	0.501140832901001
M_01000100000010100010000010000100	4.001223087310791	27.51654280883535	71.03308561767071	71.6256782102633	99.26851831776209	9	0.29258131980895996	0.37371325492858887	0.5256972312927246	0.6583254337310791	0.33704161643981934	0.5234179496765137	0.24414300918579102	0.331113338470459	0.445235013961792	0.2699549198150635
M_01000101000000100010000010000100	3.9305245876312256	27.654098238889134	71.30819647777827	71.90078907037086	99.54362917786966	10	0.4634084701538086	0.38347840309143066	0.3978869915008545	0.36176347732543945	0.31461453437805176	0.346588134765625	0.39133334159851074	0.3048558235168457	0.580653190612793	0.3859422206878662
M_01000100000000100011000010000100	4.03315544128418	27.17672245262019	70.35344490524038	70.94603749783298	98.58887760533176	9	0.4301767349243164	0.3560359477996826	0.47023630142211914	0.3288400173187256	0.42667484283447266	0.4856538772583008	0.5213243961334229	0.4650900363922119	0.27094459533691406	0.27817869186401367
M_01000100000000101010000010000100	3.7366411685943604	27.728082416254296	71.45616483250859	72.04875742510119	99.69159753259999	9	0.3301982879638672	0.37743496894836426	0.3172924518585205	0.4339637756347656	0.47066736221313477	0.34761500358581543	0.3720703125	0.25342702865600586	0.29265475273132324	0.5413172245025635
M_01000100000000100110000010000100	4.308119773864746	27.57087376697904	71.14174753395808	71.73434012655068	99.37718023404946	9	0.27974653244018555	0.48508262634277344	0.541083574295044	0.3627023696899414	0.375582218170166	0.314190149307251	0.7340466976165771	0.4209425449371338	0.41898155212402344	0.3757615089416504
M_01000100000000100010000010100100	4.114871501922607	27.414913531075566	70.82982706215114	71.42241965474373	99.06525976224252	10	0.48915791511535645	0.4561924934387207	0.2820756435394287	0.3923821449279785	0.5949497222900391	0.3173527717590332	0.3505675792694092	0.41881299018859863	0.356539249420166	0.45684099197387695
M_01000100010000100010000010000100	3.6929304599761963	27.193877466151577	70.38775493230315	70.98034752489575	98.62318763239455	9	0.30489253997802734	0.3734934329986572	0.34878063201904297	0.27024126052856445	0.3818204402923584	0.33463072776794434	0.26958656311035156	0.3454258441925049	0.59029221534729	0.4737668037414551
M_01100100000000100010000010000100	3.6943118572235107	27.540359010021454	71.08071802004291	71.6733106126355	99.31615072013429	7	0.3987569808959961	0.322782039642334	0.24279212951660156	0.49337291717529297	0.3040001392364502	0.3753831386566162	0.36856675148010254	0.47821950912475586	0.2964956760406494	0.4139425754547119
M_01000100000001100010000010000100	3.49371600151062	25.660787695413347	67.3215753908267	67.91416798341929	95.55700809091809	9	0.46585869789123535	0.28870224952697754	0.2511255741119385	0.35196995735168457	0.33785128593444824	0.5511584281921387	0.29653501510620117	0.3394954204559326	0.35360026359558105	0.2574191093444824
M_01000100001000100010000010000100	3.7509844303131104	26.14943592784205	68.2988718556841	68.8914644482767	96.53430455577549	9	0.44951844215393066	0.27556347846984863	0.3534553050994873	0.27592992782592773	0.44199657440185547	0.392348051071167	0.27170848846435547	0.23049402236938477	0.46671175956726074	0.5932583808898926
M_11000100000000100010000011000100	4.9926862716674805	17.57517982709758	53.15035965419516	53.89416130708772	84.91522144179797	2	0.3562333583831787	0.6560168266296387	0.5883455276489258	1.1093647480010986	0.8623156547546387	0.5545175075531006	0.18950653076171875	0.281496524810791	0.1970081329345703	0.19788146018981934
M_01000100000000100010000111000100	4.545113801956177	20.91456209224761	59.82912418449522	60.572925837387785	91.59398597209804	9	0.38317394256591797	0.42677927017211914	0.6912767887115479	0.3314507007598877	0.568079948425293	0.714463472366333	0.4671745300292969	0.3282439708709717	0.2680671215057373	0.36640405654907227
M_01000100100000100010000011000100	4.4859983921051025	20.65854632431637	59.31709264863274	60.0608943015253	91.08195443623555	7	0.4271972179412842	0.32622790336608887	0.3242197036743164	0.6145362854003906	0.5127537250518799	0.3708782196044922	0.4070603847503662	0.5346906185150146	0.44808220863342285	0.5203521251678467
M_01000100000000100010100011000100	5.819516181945801	20.840791888519064	59.68158377703813	60.42538542993069	91.44644556464094	7	0.41155505180358887	0.565544843673706	0.30831146240234375	0.6692380905151367	0.47499704360961914	1.638951063156128	0.4600803852081299	0.5313048362731934	0.4415132999420166	0.3180201053619385
M_01000110000000100010000011000100	4.470853567123413	20.449850647116065	58.89970129423213	59.643502947124695	90.66456308183494	7	0.4709048271179199	0.40671420097351074	0.5240483283996582	0.6541354656219482	0.600581169128418	0.543900728225708	0.37111616134643555	0.3430194854736328	0.36773252487182617	0.18870067596435547
M_01000100000000100010010011000100	5.074466943740845	20.80230642181065	59.6046128436213	60.34841449651386	91.36947463122411	8	0.5640761852264404	0.9313361644744873	0.5095667839050293	0.37697744369506836	0.3782358169555664	0.42978572845458984	0.6344883441925049	0.41914916038513184	0.4444730281829834	0.38637828826904297
M_01000100000000100010000011001100	5.566692352294922	20.71913402166595	59.4382680433319	60.18206969622447	91.20312983093471	9	0.7351486682891846	0.4185445308685303	0.36949872970581055	0.4683206081390381	0.4830772876739502	1.0592808723449707	0.5790772438049316	0.43735384941101074	0.7200255393981934	0.29636502265930176
M_01000100000000100010000011000110	5.367963552474976	20.829751262876403	59.659502525752806	60.40330417864537	91.42436431335562	10	0.5610406398773193	0.46068286895751953	0.4999842643737793	0.5763406753540039	0.706078052520752	0.5816867351531982	0.6432769298553467	0.31269407272338867	0.4641106128692627	0.5620687007904053
M_01010100000000100010000011000100	4.388813257217407	18.23814637930618	54.47629275861236	55.220094411504924	86.24115454621517	8	0.5656464099884033	0.4131336212158203	0.42757105827331543	0.3923928737640381	0.439298152923584	0.512864351272583	0.614346981048584	0.32625699043273926	0.4208354949951172	0.27646732330322266
M_01000100000000110010000011000100	4.684442520141602	20.662780067546237	59.32556013509247	60.06936178798504	91.09042192269528	7	0.48325300216674805	0.5263402462005615	0.5713832378387451	0.5938458442687988	0.3712146282196045	0.2875518798828125	0.5063841342926025	0.39138174057006836	0.2866852283477783	0.6664025783538818
M_01001100000000100010000011000100	4.397099494934082	20.905096456898228	59.810192913796456	60.55399456668902	91.57505470139927	9	0.3467564582824707	0.35595035552978516	0.5061533451080322	0.5887978076934814	0.4876089096069336	0.3450038433074951	0.5602586269378662	0.3706080913543701	0.358989953994751	0.4769721031188965
M_01000100000000100010001011000100	3.9344632625579834	19.938527730481262	57.877055460962524	58.62085711385509	89.64191724856533	9	0.28743791580200195	0.3721599578857422	0.24673771858215332	0.4537646770477295	0.3952457904815674	0.5964205265045166	0.3026578426361084	0.35256218910217285	0.31010866165161133	0.6173679828643799
M_01000100000100100010000011000100	4.731115102767944	20.76618380073355	59.5323676014671	60.276169254359665	91.29722938906991	10	0.5237188339233398	0.7914955615997314	0.4990668296813965	0.45015978813171387	0.6103169918060303	0.2700638771057129	0.34980082511901855	0.4098801612854004	0.45597267150878906	0.3706395626068115
M_01000100000000100010000011000101	4.27098536491394	20.92167918430582	59.84335836861164	60.587160021504204	91.60822015621446	8	0.3812263011932373	0.41890382766723633	0.423537015914917	0.9838876724243164	0.2994425296783447	0.33434462547302246	0.3363223075866699	0.2814936637878418	0.4048118591308594	0.4070155620574951
M_01000100000000100010000011010100	5.943241357803345	20.803429280331237	59.606858560662474	60.35066021355504	91.37172034826528	10	0.4990215301513672	0.47484922409057617	0.5111055374145508	0.5366837978363037	0.6859045028686523	0.5714476108551025	1.0129384994506836	0.6584000587463379	0.6688306331634521	0.32405996322631836
M_01000100000010100010000011000100	6.915025949478149	20.902976824461817	59.805953648923634	60.5497553018162	91.57081543652644	6	0.469372034072876	0.31983256340026855	0.6122865676879883	0.3755660057067871	0.4640629291534424	0.46826791763305664	0.42165279388427734	3.26019024848938	0.2818617820739746	0.24193310737609863
M_01000101000000100010000011000100	3.827860116958618	20.678912502500214	59.35782500500043	60.10162665789299	91.12268679260325	8	0.35436463356018066	0.3144209384918213	0.3316342830657959	0.6067430973052979	0.3359856605529785	0.44572901725769043	0.30339980125427246	0.4845600128173828	0.3523099422454834	0.29871273040771484
M_01000100000000100011000011000100	4.0183937549591064	20.90967325787213	59.81934651574426	60.56314816863682	91.58420830334707	9	0.3286740779876709	0.42340922355651855	0.4419136047363281	0.3894622325897217	0.43506383895874023	0.3975987434387207	0.3740553855895996	0.4172201156616211	0.4938225746154785	0.31717395782470703
M_01000100000000101010000011000100	4.011604309082031	20.905096458359164	59.81019291671833	60.55399456961089	91.57505470432113	7	0.46337389945983887	0.467024564743042	0.439424991607666	0.568047046661377	0.47852659225463867	0.23312115669250488	0.5916955471038818	0.3075282573699951	0.18351078033447266	0.27935147285461426
M_01000100000000100110000011000100	4.281323432922363	20.710464822486642	59.420929644973285	60.16473129786585	91.1857914325761	10	0.5461287498474121	0.3979451656341553	0.48323607444763184	0.325472354888916	0.34957385063171387	0.37944793701171875	0.32895517349243164	0.591484546661377	0.5190043449401855	0.3600752353668213
M_01000100000000100010000011100100	4.778028726577759	20.838681421216783	59.67736284243357	60.42116449532613	91.44222463003638	8	0.33028149604797363	0.3855431079864502	0.416658878326416	0.3316783905029297	0.5580589771270752	0.5090608596801758	0.6545944213867188	0.4619731903076172	0.5862736701965332	0.5439057350158691
M_01000100010000100010000011000100	4.761318922042847	20.404330060486785	58.80866012097357	59.552461773866135	90.57352190857638	10	0.36392974853515625	0.33548736572265625	0.37614917755126953	0.3734724521636963	0.41178369522094727	0.7915999889373779	0.46129345893859863	0.5199353694915771	0.6246323585510254	0.503035306930542
M_01100100000000100010000011000100	4.893566608428955	20.481379890281445	58.96275978056289	59.706561433455455	90.7276215681657	7	0.6113364696502686	0.30280590057373047	0.41846680641174316	0.47115397453308105	0.5171029567718506	0.6423170566558838	0.2799851894378662	0.6891298294067383	0.5855646133422852	0.3757038116455078
M_01000100000001100010000011000100	3.7590534687042236	17.5606218413702	53.1212436827404	53.86504533563296	84.88610547034321	8	0.34294891357421875	0.35782742500305176	0.47649192810058594	0.3404252529144287	0.2936985492706299	0.4868030548095703	0.4342026710510254	0.29683995246887207	0.4958012104034424	0.23401451110839844
M_01000100001000100010000011000100	6.052882194519043	17.41738610539724	52.83477221079448	53.57857386368705	84.5996339983973	9	0.41756105422973633	2.0047998428344727	0.3333132266998291	0.5001261234283447	0.4627232551574707	0.49474167823791504	0.7298567295074463	0.3428623676300049	0.46760010719299316	0.2992978096008301
M_11000100001000100010000011000100	7.948599100112915	17.113200348289823	54.226400696579645	55.13926376711906	89.52069157169387	5	0.4299306869506836	0.723505973815918	1.4679341316223145	1.5576415061950684	2.335674524307251	0.594078540802002	0.3803439140319824	0.12550854682922363	0.159712553024292	0.1742687225341797
M_01000100001000100010000111000100	4.797847747802734	17.387773529169223	54.77554705833845	55.68841012887786	90.06983793345267	8	0.4791126251220703	0.7703518867492676	0.4372255802154541	0.4910726547241211	0.49959874153137207	0.3399386405944824	0.44426941871643066	0.7768959999084473	0.36835408210754395	0.19102811813354492
M_01000100101000100010000011000100	4.989716529846191	17.393634697634635	54.78726939526927	55.700132465808686	90.0815602703835	8	0.2663309574127197	0.4573218822479248	0.4511985778808594	0.5866224765777588	0.4081413745880127	0.4330298900604248	0.5213725566864014	0.5834777355194092	0.5598447322845459	0.7223763465881348
M_01000100001000100010100011000100	4.951098203659058	17.38950281543068	54.77900563086136	55.69186870140078	90.0732965059756	8	0.467559814453125	0.5575695037841797	0.5669620037078857	0.4575202465057373	0.4302041530609131	0.3375508785247803	0.4288966655731201	0.46521902084350586	0.7924132347106934	0.4472026824951172
M_01000110001000100010000011000100	4.7652716636657715	17.230072360940415	54.46014472188083	55.373007792420246	89.75443559699507	7	0.3902008533477783	0.6469926834106445	0.5479309558868408	0.5198454856872559	0.4727296829223633	0.4675722122192383	0.5567939281463623	0.3517343997955322	0.314971923828125	0.49649953842163086
M_01000100001000100010010011000100	6.295536518096924	17.39783936303515	54.7956787260703	55.708541796609715	90.08996960118454	8	0.4892106056213379	0.7616724967956543	0.5703873634338379	0.4515383243560791	0.705378532409668	0.5088064670562744	0.5588953495025635	1.3203542232513428	0.5464324951171875	0.3828606605529785
M_01000100001000100010000011000110	5.907686710357666	17.38690968889194	54.77381937778388	55.686682448323296	90.06811025289812	9	0.8295674324035645	0.4610159397125244	1.012294054031372	0.4533572196960449	0.670302152633667	0.5018117427825928	0.8522815704345703	0.5320687294006348	0.3605997562408447	0.23438811302185059
M_01000100001000100010000011001100	7.167896270751953	17.341467303648475	54.68293460729695	55.595797677836366	89.97722548241119	8	0.5531203746795654	0.6163482666015625	0.7137930393218994	1.0117478370666504	0.47890377044677734	1.0072448253631592	0.8957476615905762	1.0757226943969727	0.5698907375335693	0.2453770637512207
M_01010100001000100010000011000100	6.007605314254761	16.423875674688624	52.84775134937725	53.760614419916664	88.14204222449149	5	0.5997929573059082	0.5578768253326416	0.45766782760620117	0.9330518245697021	0.5346689224243164	0.7802391052246094	0.4155721664428711	0.5227169990539551	0.6713464260101318	0.5346722602844238
M_01000100001000110010000011000100	6.225499629974365	16.098527555777082	52.197055111554164	53.10991818209358	87.49134598666839	6	0.5435347557067871	0.49210619926452637	0.31730198860168457	0.69333815574646	0.603186845779419	0.9229886531829834	0.5484249591827393	0.9123873710632324	0.6514368057250977	0.5407938957214355
M_01001100001000100010000011000100	5.3645920753479	17.393139684471656	54.78627936894331	55.69914243948273	90.08057024405755	8	0.36003780364990234	0.6481902599334717	0.7614786624908447	0.5556998252868652	0.413543701171875	0.6663219928741455	0.6634538173675537	0.5676164627075195	0.3990194797515869	0.32923007011413574
M_01000100001000100010001011000100	5.303708076477051	17.351034158680733	54.702068317361466	55.61493138790088	89.9963591924757	8	0.5368077754974365	0.5147864818572998	0.7142167091369629	0.5693697929382324	0.5615658760070801	0.5852127075195312	0.49120354652404785	0.6110827922821045	0.45280957221984863	0.26665282249450684
M_01000100001100100010000011000100	4.792709112167358	17.351034157914142	54.702068315828285	55.6149313863677	89.99635919094251	8	0.4590418338775635	0.5388045310974121	0.5520269870758057	0.5211367607116699	0.46764183044433594	0.569021463394165	0.4993126392364502	0.5060315132141113	0.3397676944732666	0.3399238586425781
M_01000100001000100010000011000101	4.044657468795776	17.417386112866208	54.834772225732415	55.74763529627183	90.12906310084665	8	0.45482468605041504	0.41304874420166016	0.4911372661590576	0.35232043266296387	0.48794054985046387	0.3004159927368164	0.4463319778442383	0.3070955276489258	0.3781168460845947	0.4134254455566406
M_01000100001000100010000011010100	6.491693019866943	17.156893573033738	54.313787146067476	55.22665021660689	89.60807802118171	9	0.5338563919067383	0.5751872062683105	0.53983473777771	0.36037111282348633	1.6372580528259277	0.7820999622344971	0.46931958198547363	0.5750732421875	0.8110888004302979	0.20760393142700195
M_01000100001010100010000011000100	6.306341648101807	16.75911876299141	53.51823752598282	54.431100596522235	88.81252840109705	5	0.5081391334533691	0.8883132934570312	0.5871901512145996	0.708554744720459	0.6405372619628906	0.530569314956665	0.6442673206329346	0.9515788555145264	0.5284342765808105	0.3187572956085205
M_01000101001000100010000011000100	5.562583923339844	17.36778247998972	54.73556495997944	55.64842803051886	90.02985583509368	7	0.6967978477478027	0.7069315910339355	0.5466263294219971	0.4943122863769531	0.46627116203308105	0.8908717632293701	0.5770695209503174	0.5396273136138916	0.23417210578918457	0.40990400314331055
M_01000100001000100011000011000100	5.719972372055054	17.415886449443562	54.831772898887124	55.74463596942654	90.12606377400135	8	0.707897424697876	0.6023387908935547	0.4689972400665283	0.7395386695861816	0.6890404224395752	0.6037187576293945	0.6323254108428955	0.45763134956359863	0.3193337917327881	0.49915051460266113
M_01000100001000101010000011000100	5.589320421218872	17.394047176226486	54.78809435245297	55.70095742299239	90.08238522756722	6	0.616981029510498	0.6394064426422119	0.7222268581390381	0.8206901550292969	0.6192684173583984	0.35598158836364746	0.5645458698272705	0.2945418357849121	0.6572220325469971	0.29845619201660156
M_01000100001000100110000011000100	6.2233593463897705	17.32352081864267	54.64704163728534	55.55990470782476	89.94133251239958	10	0.4765441417694092	0.5344388484954834	0.8348298072814941	0.6425919532775879	0.44060802459716797	0.7333941459655762	0.8293609619140625	0.5194501876831055	0.5740432739257812	0.6380980014801025
M_01000100001000100010000011100100	5.375898361206055	17.30075720832003	54.60151441664006	55.51437748717947	89.8958052917543	8	0.5685701370239258	0.46359705924987793	0.6554803848266602	0.5067033767700195	0.561903715133667	0.6086692810058594	0.3589603900909424	0.6383674144744873	0.7177548408508301	0.29589176177978516
M_01000100011000100010000011000100	5.822240114212036	17.135124139941674	54.27024827988335	55.18311135042276	89.56453915499759	8	0.48935580253601074	0.49744224548339844	0.582970142364502	0.5518519878387451	0.36847829818725586	1.5665271282196045	0.4598088264465332	0.45724940299987793	0.49259257316589355	0.35596370697021484
M_01100100001000100010000011000100	6.757551670074463	17.113200348641552	54.226400697283104	55.13926376782252	89.52069157239734	6	0.6593844890594482	0.647367000579834	0.7979249954223633	0.6616082191467285	0.9233658313751221	0.34665846824645996	0.9642579555511475	0.8107070922851562	0.6902058124542236	0.2560718059539795
M_01000100001001100010000011000100	4.8254921436309814	16.630414009643793	53.26082801928759	54.173691089827	88.55511889440183	7	0.41729092597961426	0.6107006072998047	0.4206981658935547	0.5841925144195557	0.5375874042510986	0.647209882736206	0.6054701805114746	0.3623490333557129	0.3188002109527588	0.32119321823120117
